0.1020,28,0.383274,-0.002004,0.007592,0.001000,6,10,0.061220,0.020410,1,0.000816,0.122450,0,0,0,1,0.023402,28,27,0,0
0.1020,56,0.576337,-0.001987,0.007199,0.002000,6,10,0.061220,0.020410,1,0.000816,0.122450,0,0,0,1,0.017671,56,55,0,0
0.1020,84,0.878270,-0.001955,0.006941,0.002000,6,10,0.061220,0.020410,1,0.000816,0.122450,0,0,0,1,0.015153,84,83,0,0
0.1020,112,1.138073,-0.001868,0.006506,0.003000,6,10,0.061220,0.020410,1,0.000816,0.122450,0,0,0,1,0.022576,112,111,0,0
0.1020,139,1.385377,-0.001831,0.006239,0.003000,6,10,0.061220,0.020410,1,0.000816,0.122450,0,0,0,1,0.018552,139,138,0,0
0.1020,167,1.580893,-0.001722,0.005782,0.003000,6,10,0.061220,0.020410,1,0.000816,0.122450,0,0,0,1,0.014677,167,166,0,0
0.1020,176,1.675729,0.000000,0.000000,0.004000,6,10,0.061220,0.020410,1,0.000816,0.122450,0,0,4,1,0.013239,176,171,0,0
0.1020,224,2.135963,-0.001535,0.004934,0.004000,6,10,0.061220,0.020410,1,0.000816,0.122450,0,0,0,1,0.017836,224,223,0,0
0.1020,251,2.383108,-0.001468,0.004571,0.004000,6,10,0.061220,0.020410,1,0.000816,0.122450,0,0,0,1,0.018115,251,250,0,0
0.1020,279,2.576988,-0.001248,0.004172,0.004000,6,10,0.061220,0.020410,1,0.000816,0.122450,0,0,0,1,0.018821,279,278,0,0
0.1020,322,2.798660,0.000000,0.000000,0.004000,6,10,0.061220,0.020410,1,0.000816,0.122450,0,0,0,1,0.013038,322,321,0,11
0.1020,350,2.996031,0.000000,0.000000,0.004000,6,10,0.061220,0.020410,1,0.000816,0.122450,0,0,0,1,0.022667,350,349,0,11
0.1020,377,3.201544,0.000000,0.000000,0.004000,6,10,0.061220,0.020410,1,0.000816,0.122450,0,0,0,1,0.022272,377,376,0,11
0.1020,388,3.425237,-0.000929,0.003171,0.004000,6,10,0.061220,0.020410,1,0.000816,0.122450,0,0,4,1,0.012408,388,383,0,11
0.1020,435,3.798628,0.000000,0.000000,0.004000,6,10,0.061220,0.020410,1,0.000816,0.122450,0,0,0,1,0.016326,435,433,1,11
0.1020,463,3.998156,0.000000,0.000000,0.004000,6,10,0.061220,0.020410,1,0.000816,0.122450,0,0,0,1,0.012078,463,459,3,11
0.1020,490,4.197846,0.000000,0.000000,0.004000,6,10,0.061220,0.020410,1,0.000816,0.122450,0,0,0,1,0.020424,490,486,3,11
0.1020,520,4.577694,-0.000579,0.001589,0.004000,6,10,0.061220,0.020410,1,0.000816,0.122450,0,0,0,1,0.013077,520,516,3,11
0.1020,548,4.798672,0.000000,0.000000,0.004000,6,10,0.061220,0.020410,1,0.000816,0.122450,0,0,0,1,0.020470,548,544,3,11
0.1020,576,4.996893,0.000000,0.000000,0.004000,6,10,0.061220,0.020410,1,0.000816,0.122450,0,0,0,0,0.000000,576,572,3,11
0.1020,603,5.200775,0.000000,0.000000,0.004000,6,10,0.061220,0.020410,1,0.000816,0.122450,0,0,0,1,0.015431,603,598,4,11
0.1020,633,5.579977,-0.000340,0.000559,0.004000,6,10,0.061220,0.020410,1,0.000816,0.122450,0,0,0,1,0.023700,633,628,4,11
0.1020,669,5.797411,0.000000,0.000000,0.004000,6,10,0.061220,0.020410,1,0.000816,0.122450,0,0,0,1,0.017158,669,664,4,15
0.1020,697,5.996461,0.000000,0.000000,0.004000,6,10,0.061220,0.020410,1,0.000816,0.122450,0,0,0,1,0.013400,697,691,5,15
0.1020,724,6.199361,0.000000,0.000000,0.004000,6,10,0.061220,0.020410,1,0.000816,0.122450,0,0,0,1,0.017718,724,718,5,15
0.1020,754,6.580934,-0.000159,0.001217,0.004000,6,10,0.061220,0.020410,1,0.000816,0.122450,0,0,0,1,0.021037,754,748,5,15
0.1020,782,6.880930,-0.000109,0.001477,0.004000,6,10,0.061220,0.020410,1,0.000816,0.122450,0,0,0,1,0.022324,782,776,5,15
0.1020,790,6.922688,0.000000,0.000000,0.004000,6,10,0.061220,0.020410,1,0.000816,0.122450,0,0,4,1,0.012268,790,780,5,15
0.1020,837,7.382052,0.000122,0.002078,0.004000,6,10,0.061220,0.020410,1,0.000816,0.122450,0,0,0,1,0.020176,837,830,6,15
0.1020,865,7.580280,0.000125,0.002386,0.004000,6,10,0.061220,0.020410,1,0.000816,0.122450,0,0,0,1,0.019171,865,858,6,15
0.1020,893,7.680544,0.000113,0.002637,0.004000,6,10,0.061220,0.020410,1,0.000816,0.122450,0,0,6,1,0.021979,893,880,6,16
0.1020,922,8.106021,0.000000,0.000000,0.004000,6,10,0.061220,0.020410,1,0.000816,0.122450,0,0,0,1,0.012190,922,914,7,17
0.1020,949,8.308934,0.000000,0.000000,0.004000,6,10,0.061220,0.020410,1,0.000816,0.122450,0,0,0,1,0.015030,949,941,7,17
0.1020,977,8.508188,0.000000,0.000000,0.004000,6,10,0.061220,0.020410,1,0.000816,0.122450,0,0,0,1,0.015816,977,969,7,17
0.1020,987,8.676418,0.000151,0.003553,0.004000,6,10,0.061220,0.020410,1,0.000816,0.122450,0,0,4,1,0.022638,987,975,7,17
0.1020,1035,9.112065,-0.120000,0.120000,0.017000,6,10,0.061220,0.020410,1,0.000816,0.122450,0,0,0,1,0.013666,1035,1027,7,17
0.1020,1062,9.311850,-0.220000,0.220000,0.052000,6,10,0.061220,0.020410,1,0.000816,0.122450,0,0,0,1,0.023028,1062,1054,7,17
0.1020,1070,9.427453,-0.227097,0.227145,0.052000,6,10,0.061220,0.020410,1,0.000816,0.122450,0,0,1,1,0.018650,1070,1061,7,17
0.1020,1096,9.673177,-0.342182,0.342217,0.108000,6,10,0.061220,0.020410,1,0.000816,0.122450,0,0,1,1,0.012799,1096,1086,8,17
0.1020,1148,10.110887,-1.160000,1.160000,0.705000,6,10,0.061220,0.020410,1,0.000816,0.122450,0,0,0,1,0.016335,1148,1139,8,17
0.1020,1175,10.309311,-1.310000,1.310000,0.956000,6,10,0.061220,0.020410,1,0.000816,0.122450,0,0,0,1,0.013883,1175,1166,8,17
0.1020,1203,10.507944,-1.510000,1.510000,1.246000,6,10,0.061220,0.020410,1,0.000816,0.122450,0,0,0,1,0.021535,1203,1194,8,17
0.1020,1231,10.712935,-1.710000,1.710000,1.575000,6,10,0.061220,0.020410,1,0.000816,0.122450,0,0,0,1,0.020343,1231,1222,8,17
0.1020,1261,11.111991,-2.120000,2.120000,2.353000,6,10,0.061220,0.020410,1,0.000816,0.122450,0,0,0,1,0.013456,1261,1252,8,17
0.1020,1288,11.311035,-2.330000,2.330000,2.805000,6,10,0.061220,0.020410,1,0.000816,0.122450,0,0,0,1,0.012936,1288,1279,8,17
0.1020,1318,11.509478,-2.460000,2.460000,3.293000,6,10,0.061220,0.020410,1,0.000816,0.122450,0,0,0,1,0.021280,1318,1309,8,17
0.1020,1346,11.679097,-2.466844,2.466852,3.293000,6,10,0.061220,0.020410,1,0.000816,0.122450,0,0,6,1,0.018231,1346,1331,8,17
0.1020,1377,12.107944,-2.520000,2.520000,4.817000,6,10,0.061220,0.020410,1,0.000816,0.122450,0,0,0,1,0.016055,1377,1368,8,17
0.1020,1404,12.311086,-2.500000,2.500000,5.325000,6,10,0.061220,0.020410,1,0.000816,0.122450,0,0,0,1,0.018791,1404,1395,8,17
0.1020,1432,12.510883,-2.480000,2.480000,5.833000,6,10,0.061220,0.020410,1,0.000816,0.122450,0,0,0,1,0.020275,1432,1423,8,17
0.1020,1460,12.708846,-2.470000,2.470000,6.334000,6,10,0.061220,0.020410,1,0.000816,0.122450,0,0,0,1,0.021261,1460,1451,8,17
0.1020,1490,13.112959,-2.320000,2.320000,7.314000,6,10,0.061220,0.020410,1,0.000816,0.122450,0,0,0,1,0.014663,1490,1481,8,17
0.1020,1517,13.314473,-2.150000,2.150000,7.767000,6,10,0.061220,0.020410,1,0.000816,0.122450,0,0,0,1,0.022528,1517,1508,8,17
0.1020,1545,13.513328,-1.950000,1.950000,8.182000,6,10,0.061220,0.020410,1,0.000816,0.122450,0,0,0,1,0.012313,1545,1536,8,17
0.1020,1573,13.708670,-1.730000,1.730000,8.554000,6,10,0.061220,0.020410,1,0.000816,0.122450,0,0,0,1,0.014690,1573,1562,10,17
0.1020,1603,14.108592,-1.300000,1.300000,9.166000,6,10,0.061220,0.020410,1,0.000816,0.122450,0,0,0,1,0.022937,1603,1592,10,17
0.1020,1630,14.308608,-1.090000,1.090000,9.407000,6,10,0.061220,0.020410,1,0.000816,0.122450,0,0,0,1,0.022884,1630,1619,10,17
0.1020,1658,14.513211,-0.890000,0.890000,9.607000,6,10,0.061220,0.020410,1,0.000816,0.122450,0,0,0,1,0.017549,1658,1647,10,17
0.1020,1686,14.711513,-0.690000,0.690000,9.766000,6,10,0.061220,0.020410,1,0.000816,0.122450,0,0,0,1,0.021920,1686,1675,10,17
0.1020,1716,15.109002,-0.300000,0.300000,9.962000,6,10,0.061220,0.020410,1,0.000816,0.122450,0,0,0,1,0.018933,1716,1704,11,17
0.1020,1743,15.312606,-0.110000,0.110000,10.001000,6,10,0.061220,0.020410,1,0.000816,0.122450,0,0,0,1,0.017129,1743,1731,11,17
0.1020,1771,15.510492,0.000000,0.000000,10.007000,6,10,0.061220,0.020410,1,0.000816,0.122450,0,0,0,1,0.012439,1771,1759,11,17
0.1020,1799,15.711463,0.050000,0.050000,9.996000,6,10,0.061220,0.020410,1,0.000816,0.122450,0,0,0,1,0.013960,1799,1787,11,17
0.1020,1829,16.112616,0.030000,0.030000,9.966000,6,10,0.061220,0.020410,1,0.000816,0.122450,0,0,0,1,0.014383,1829,1817,11,17
0.1020,1856,16.311834,0.000000,0.000000,9.956000,6,10,0.061220,0.020410,1,0.000816,0.122450,0,0,0,1,0.018218,1856,1844,11,17
0.1020,1885,16.510708,-0.010000,0.010000,9.952000,6,10,0.061220,0.020410,1,0.000816,0.122450,0,0,0,1,0.017324,1885,1873,11,19
0.1020,1914,16.708455,-0.020000,0.074833,9.950000,6,10,0.061220,0.020410,1,0.000816,0.122450,0,0,0,1,0.015130,1914,1902,11,19
0.1020,1945,17.109688,-0.020000,0.818596,9.950000,6,10,0.061220,0.020410,1,0.000816,0.122450,0,0,0,1,0.013823,1945,1933,11,19
0.1020,1973,17.313420,-0.020000,1.455919,9.950000,6,10,0.061220,0.020410,1,0.000816,0.122450,0,0,0,1,0.015079,1973,1961,11,19
0.1020,2002,17.511599,-0.030000,2.129484,9.952000,6,10,0.061220,0.020410,1,0.000816,0.122450,0,0,0,1,0.019698,2002,1990,11,19
0.1020,2031,17.712377,-0.030000,2.760688,9.956000,6,10,0.061220,0.020410,1,0.000816,0.122450,0,0,0,1,0.022057,2031,2017,13,19
0.1020,2062,18.113926,-0.030000,3.814368,9.964000,6,10,0.061220,0.020410,1,0.000816,0.122450,0,0,0,1,0.020335,2062,2048,13,19
0.1020,2090,18.312626,-0.020000,4.257523,9.968000,6,10,0.061220,0.020410,1,0.000816,0.122450,0,0,0,1,0.020228,2090,2076,13,19
0.1020,2119,18.513449,-0.020000,4.693123,9.971000,6,10,0.061220,0.020410,1,0.000816,0.122450,0,0,0,1,0.023325,2119,2105,13,19
0.1020,2148,18.713387,-0.020000,5.119492,9.974000,6,10,0.061220,0.020410,1,0.000816,0.122450,0,0,0,1,0.026941,2148,2134,13,19
0.1020,2179,19.111328,-0.010000,6.000342,9.978000,6,10,0.061220,0.020410,1,0.000816,0.122450,0,0,0,1,0.027849,2179,2165,13,19
0.1020,2207,19.310243,-0.010000,6.462616,9.979000,6,10,0.061220,0.020410,1,0.000816,0.122450,0,0,0,1,0.021599,2207,2192,14,19
0.1020,2236,19.513932,-0.010000,6.931190,9.980000,6,10,0.061220,0.020410,1,0.000816,0.122450,0,0,0,1,0.029051,2236,2221,14,19
0.1020,2265,19.712357,-0.010000,7.363878,9.982000,6,10,0.061220,0.020410,1,0.000816,0.122450,0,0,0,1,0.021591,2265,2249,15,19
0.1020,2296,20.113851,-0.030000,7.896544,9.989000,6,10,0.061220,0.020410,1,0.000816,0.122450,0,0,0,1,0.028673,2296,2279,16,19
0.1020,2324,20.312496,-0.030000,7.846585,9.996000,6,10,0.061220,0.020410,1,0.000816,0.122450,0,0,0,1,0.024167,2324,2306,17,19
0.1020,2351,20.422789,-0.037459,7.856574,9.996000,6,10,0.061220,0.020410,1,0.000816,0.122450,0,0,22,1,0.032981,2351,2311,17,19
0.1020,2382,20.713644,0.000000,7.142220,10.003000,6,10,0.061220,0.020410,1,0.000816,0.122450,0,0,0,1,0.036686,2382,2364,17,19
0.1020,2413,21.110756,0.020000,6.025645,9.995000,6,10,0.061220,0.020410,1,0.000816,0.122450,0,0,0,1,0.028219,2413,2395,17,19
0.1020,2441,21.309896,0.010000,5.514807,9.989000,6,10,0.061220,0.020410,1,0.000816,0.122450,0,0,0,1,0.030235,2441,2423,17,19
0.1020,2470,21.513533,0.000000,5.052534,9.985000,6,10,0.061220,0.020410,1,0.000816,0.122450,0,0,0,1,0.030010,2470,2452,17,19
0.1020,2480,21.674498,0.009523,5.060699,9.985000,6,10,0.061220,0.020410,1,0.000816,0.122450,0,0,6,1,0.032552,2480,2455,18,19
0.1020,2529,22.139879,-0.005444,4.215311,9.983000,6,10,0.061220,0.020410,1,0.000816,0.122450,0,0,0,1,0.039871,2529,2508,20,19
0.1020,2557,22.384600,-0.009818,3.640304,9.985000,6,10,0.061220,0.020410,1,0.000816,0.122450,0,0,0,1,0.039181,2557,2536,20,19
0.1020,2586,22.579115,-0.011330,3.032329,9.988000,6,10,0.061220,0.020410,1,0.000816,0.122450,0,0,0,1,0.030222,2586,2564,21,20
0.1020,2614,22.673246,-0.011433,2.384185,9.991000,6,10,0.061220,0.020410,1,0.000816,0.122450,0,0,24,1,0.030904,2614,2567,22,20
0.1020,2644,23.144520,-0.009877,1.701705,9.995000,6,10,0.061220,0.020410,1,0.000816,0.122450,0,0,0,1,0.037289,2644,2621,22,20
0.1020,2672,23.383936,-0.007595,0.995850,9.998000,6,10,0.061220,0.020410,1,0.000816,0.122450,0,0,0,1,0.038612,2672,2646,25,20
0.1020,2701,23.582015,-0.007235,0.307306,10.001000,6,10,0.061220,0.020410,1,0.000816,0.122450,0,0,0,1,0.049692,2701,2675,25,20
0.1020,2730,23.885847,-0.007410,0.168799,10.003000,6,10,0.061220,0.020410,1,0.000816,0.122450,0,0,0,1,0.048935,2730,2704,25,20
0.1020,2759,24.142414,0.000042,0.307917,10.005000,6,10,0.061220,0.020410,1,0.000816,0.122450,0,0,0,1,0.041587,2759,2723,35,20
0.1020,2787,24.386383,0.006241,0.265903,10.005000,6,10,0.061220,0.020410,1,0.000816,0.122450,0,0,0,1,0.034120,2787,2751,35,20
0.1020,2816,24.579117,0.007474,0.177616,10.003000,6,10,0.061220,0.020410,1,0.000816,0.122450,0,0,0,1,0.033360,2816,2778,37,20
0.1020,2845,24.886027,0.005965,0.095467,10.002000,6,10,0.061220,0.020410,1,0.000816,0.122450,0,0,0,1,0.042007,2845,2807,37,22
0.1020,2874,25.096650,0.000000,0.078102,10.000000,6,10,0.061220,0.020410,1,0.000816,0.122450,0,0,0,1,0.036677,2874,2836,37,22
0.1020,2902,25.297096,0.000000,0.382884,9.999000,6,10,0.061220,0.020410,1,0.000816,0.122450,0,0,0,1,0.038631,2902,2864,37,22
0.1020,2924,25.423194,0.005943,0.385092,9.999000,6,10,0.061220,0.020410,1,0.000816,0.122450,0,0,18,1,0.030887,2924,2868,37,22
0.1020,2960,25.696662,0.000000,1.505722,9.998000,6,10,0.061220,0.020410,1,0.000816,0.122450,0,0,10,1,0.047013,2960,2912,37,22
0.1020,2991,26.094650,0.000000,2.742626,10.000000,6,10,0.061220,0.020410,1,0.000816,0.122450,0,0,0,1,0.038281,2991,2953,37,22
0.1020,3019,26.297213,0.000000,3.275256,10.002000,6,10,0.061220,0.020410,1,0.000816,0.122450,0,0,0,1,0.050636,3019,2979,39,22
0.1020,3048,26.496896,0.000000,3.759322,10.004000,6,10,0.061220,0.020410,1,0.000816,0.122450,0,0,0,1,0.050685,3048,3008,39,22
0.1020,3077,26.695848,0.000000,4.213846,10.005000,6,10,0.061220,0.020410,1,0.000816,0.122450,0,0,16,1,0.051496,3077,3021,39,22
0.1020,3107,26.922749,-0.000273,4.661452,10.005000,6,10,0.061220,0.020410,1,0.000816,0.122450,0,0,28,1,0.047393,3107,3039,39,22
0.1020,3136,27.295001,0.000000,5.542941,10.004000,6,10,0.061220,0.020410,1,0.000816,0.122450,0,0,0,1,0.042132,3136,3094,41,22
0.1020,3165,27.493237,0.000000,5.997466,10.003000,6,10,0.061220,0.020410,1,0.000816,0.122450,0,0,0,1,0.033665,3165,3122,42,22
0.1020,3194,27.697752,0.000000,6.466065,10.002000,6,10,0.061220,0.020410,1,0.000816,0.122450,0,0,13,1,0.034986,3194,3138,42,22
0.1020,3220,27.923520,0.004260,6.468889,10.002000,6,10,0.061220,0.020410,1,0.000816,0.122450,0,0,23,1,0.039063,3220,3153,43,22
0.1020,3253,28.295113,-0.010000,7.709332,9.999000,6,10,0.061220,0.020410,1,0.000816,0.122450,0,0,0,1,0.044918,3253,3208,44,22
0.1020,3282,28.493012,-0.020000,7.851478,10.001000,6,10,0.061220,0.020410,1,0.000816,0.122450,0,0,0,1,0.037590,3282,3236,45,22
0.1020,3296,28.672954,-0.023572,7.860281,10.001000,6,10,0.061220,0.020410,1,0.000816,0.122450,0,0,11,1,0.048201,3296,3239,45,22
0.1020,3342,29.028167,-0.015103,7.482011,10.008000,6,10,0.061220,0.020410,1,0.000816,0.122450,0,0,0,1,0.033536,3342,3296,45,22
0.1020,3374,29.293701,0.020000,6.423877,10.002000,6,10,0.061220,0.020410,1,0.000816,0.122450,0,0,0,1,0.039893,3374,3326,47,22
0.1020,3403,29.493813,0.020000,5.875789,9.995000,6,10,0.061220,0.020410,1,0.000816,0.122450,0,0,0,1,0.058990,3403,3355,47,22
0.1020,3432,29.694099,0.010000,5.371285,9.988000,6,10,0.061220,0.020410,1,0.000816,0.122450,0,0,21,1,0.055925,3432,3361,49,22
0.1020,3460,29.923480,0.019908,5.375509,9.988000,6,10,0.061220,0.020410,1,0.000816,0.122450,0,0,25,1,0.052761,3460,3385,49,22
0.1020,3491,30.295890,0.000000,4.028114,9.983000,6,10,0.061220,0.020410,1,0.000816,0.122450,0,0,0,1,0.052598,3491,3439,51,22
0.1020,3502,30.427935,-0.007739,4.037042,9.983000,6,10,0.061220,0.020410,1,0.000816,0.122450,0,0,8,1,0.059312,3502,3441,52,22
0.1020,3541,30.672745,-0.011216,3.584707,9.984000,6,10,0.061220,0.020410,1,0.000816,0.122450,0,0,17,1,0.044634,3541,3470,53,22
0.1020,3580,31.097967,-0.010000,2.081970,9.991000,6,10,0.061220,0.020410,1,0.000816,0.122450,0,0,0,1,0.039268,3580,3526,53,23
0.1020,3608,31.296279,-0.010000,1.527547,9.994000,6,10,0.061220,0.020410,1,0.000816,0.122450,0,0,0,1,0.038886,3608,3552,55,23
0.1020,3637,31.497990,0.000000,0.973088,9.996000,6,10,0.061220,0.020410,1,0.000816,0.122450,0,0,0,1,0.051192,3637,3580,56,23
0.1020,3665,31.672897,-0.009901,0.983320,9.996000,6,10,0.061220,0.020410,1,0.000816,0.122450,0,0,23,1,0.035895,3665,3583,58,23
0.1020,3698,32.094248,0.000000,0.278029,10.002000,6,10,0.061220,0.020410,1,0.000816,0.122450,0,0,0,1,0.038131,3698,3638,59,23
0.1020,3726,32.295429,0.000000,0.342053,10.004000,6,10,0.061220,0.020410,1,0.000816,0.122450,0,0,0,1,0.050124,3726,3666,59,23
0.1020,3755,32.495102,0.000000,0.300000,10.003000,6,10,0.061220,0.020410,1,0.000816,0.122450,0,0,0,1,0.042464,3755,3694,60,23
0.1020,3784,32.696737,0.000000,0.228035,10.003000,6,10,0.061220,0.020410,1,0.000816,0.122450,0,0,22,1,0.035523,3784,3700,61,23
0.1020,3807,32.922715,0.006238,0.235613,10.003000,6,10,0.061220,0.020410,1,0.000816,0.122450,0,0,21,1,0.061127,3807,3724,61,23
0.1020,3843,33.296173,0.000000,0.044721,9.998000,6,10,0.061220,0.020410,1,0.000816,0.122450,0,0,0,1,0.062323,3843,3780,62,25
0.1020,3872,33.498966,0.000000,0.050000,9.998000,6,10,0.061220,0.020410,1,0.000816,0.122450,0,0,0,1,0.038759,3872,3809,62,25
0.1020,3901,33.696459,0.000000,0.272029,9.997000,6,10,0.061220,0.020410,1,0.000816,0.122450,0,0,22,1,0.041145,3901,3815,63,25
0.1020,3918,33.925160,0.002477,0.280597,9.997000,6,10,0.061220,0.020410,1,0.000816,0.122450,0,0,14,1,0.038265,3918,3839,64,25
0.1020,3960,34.297779,0.000000,2.004719,9.994000,6,10,0.061220,0.020410,1,0.000816,0.122450,0,0,0,1,0.043515,3960,3894,65,25
0.1020,3989,34.498961,-0.010000,2.640947,9.996000,6,10,0.061220,0.020410,1,0.000816,0.122450,0,0,0,1,0.060427,3989,3922,66,25
0.1020,4014,34.672821,-0.010054,2.645624,9.996000,6,10,0.061220,0.020410,1,0.000816,0.122450,0,0,22,1,0.041280,4014,3925,66,25
0.1020,4047,34.922700,-0.010000,3.698040,9.999000,6,10,0.061220,0.020410,1,0.000816,0.122450,0,0,26,1,0.058939,4047,3952,68,25
0.1020,4077,35.298151,0.000000,4.582685,10.001000,6,10,0.061220,0.020410,1,0.000816,0.122450,0,0,0,1,0.048628,4077,4006,70,25
0.1020,4103,35.422990,-0.004784,4.589958,10.001000,6,10,0.061220,0.020410,1,0.000816,0.122450,0,0,21,1,0.065800,4103,4008,73,25
0.1020,4114,35.675026,-0.002247,5.018622,10.001000,6,10,0.061220,0.020410,1,0.000816,0.122450,0,0,5,1,0.044428,4114,4035,73,25
0.1020,4166,36.097705,0.000000,6.341680,9.998000,6,10,0.061220,0.020410,1,0.000816,0.122450,0,0,0,1,0.072604,4166,4090,75,25
0.1020,4194,36.299729,0.000000,6.811615,9.996000,6,10,0.061220,0.020410,1,0.000816,0.122450,0,0,0,1,0.070319,4194,4118,75,25
0.1020,4220,36.422839,-0.000082,6.823967,9.996000,6,10,0.061220,0.020410,1,0.000816,0.122450,0,0,23,1,0.056324,4220,4120,76,25
0.1020,4252,36.699334,-0.010000,7.643932,9.995000,6,10,0.061220,0.020410,1,0.000816,0.122450,0,0,23,1,0.070465,4252,4152,76,25
0.1020,4276,36.923371,-0.020000,7.850102,9.996000,6,10,0.061220,0.020410,1,0.000816,0.122450,0,0,21,1,0.071083,4276,4177,77,25
0.1020,4311,37.392195,-0.030745,7.820710,10.001000,6,10,0.061220,0.020410,1,0.000816,0.122450,0,0,0,1,0.061947,4311,4233,77,25
0.1020,4340,37.586838,-0.015891,7.436922,10.005000,6,10,0.061220,0.020410,1,0.000816,0.122450,0,0,0,1,0.059224,4340,4262,77,25
0.1020,4369,37.887085,0.012628,6.790413,10.001000,6,10,0.061220,0.020410,1,0.000816,0.122450,0,0,0,1,0.046180,4369,4290,78,25
0.1020,4392,37.922685,0.020000,6.080576,9.993000,6,10,0.061220,0.020410,1,0.000816,0.122450,0,0,21,1,0.038826,4392,4290,80,25
0.1020,4426,38.393296,0.017373,5.446542,9.984000,6,10,0.061220,0.020410,1,0.000816,0.122450,0,0,0,1,0.064946,4426,4343,82,25
0.1020,4452,38.423561,0.003565,4.871287,9.979000,6,10,0.061220,0.020410,1,0.000816,0.122450,0,0,26,1,0.054869,4452,4343,82,25
0.1020,4475,38.673181,0.000000,4.311021,9.978000,6,10,0.061220,0.020410,1,0.000816,0.122450,0,0,18,1,0.058426,4475,4373,83,25
0.1020,4513,39.143186,-0.014986,3.753973,9.979000,6,10,0.061220,0.020410,1,0.000816,0.122450,0,0,0,1,0.060846,4513,4428,84,25
0.1020,4533,39.173006,-0.010000,3.152285,9.982000,6,10,0.061220,0.020410,1,0.000816,0.122450,0,0,20,1,0.047929,4533,4428,84,25
0.1020,4570,39.585447,-0.016568,2.526046,9.986000,6,10,0.061220,0.020410,1,0.000816,0.122450,0,0,0,1,0.052602,4570,4483,86,26
0.1020,4591,39.673294,-0.010000,1.845075,9.989000,6,10,0.061220,0.020410,1,0.000816,0.122450,0,0,19,1,0.033312,4591,4484,87,26
0.1020,4626,39.923275,-0.013168,1.159734,9.993000,6,10,0.061220,0.020410,1,0.000816,0.122450,0,0,27,1,0.037434,4626,4511,87,26
0.1020,4644,40.173661,-0.010000,0.452880,9.996000,6,10,0.061220,0.020410,1,0.000816,0.122450,0,0,16,1,0.042991,4644,4540,87,26
0.1020,4675,40.422927,-0.010000,0.098995,9.999000,6,10,0.061220,0.020410,1,0.000816,0.122450,0,0,19,1,0.053117,4675,4568,87,26
0.1020,4713,40.673329,-0.006433,0.322070,10.001000,6,10,0.061220,0.020410,1,0.000816,0.122450,0,0,27,1,0.030328,4713,4598,87,26
0.1020,4728,40.923372,0.000000,0.308058,10.001000,6,10,0.061220,0.020410,1,0.000816,0.122450,0,0,14,1,0.056004,4728,4626,87,26
0.1020,4771,41.387459,0.003838,0.219340,9.999000,6,10,0.061220,0.020410,1,0.000816,0.122450,0,0,0,1,0.033230,4771,4681,89,26
0.1020,4796,41.425790,0.002806,0.123382,9.998000,6,10,0.061220,0.020410,1,0.000816,0.122450,0,0,21,1,0.052242,4796,4683,91,26
0.1020,4825,41.672865,0.000628,0.053458,9.996000,6,10,0.061220,0.020410,1,0.000816,0.122450,0,0,24,1,0.051489,4825,4709,91,26
0.1020,4857,41.924993,0.000000,0.000000,9.996000,6,10,0.061220,0.020410,1,0.000816,0.122450,0,0,25,1,0.055156,4857,4738,93,28
0.1020,4887,42.314810,0.000000,0.370135,9.995000,6,10,0.061220,0.020410,1,0.000816,0.122450,0,0,0,1,0.046152,4887,4791,95,28
0.1020,4910,42.422705,0.000833,0.373403,9.995000,6,10,0.061220,0.020410,1,0.000816,0.122450,0,0,21,1,0.048699,4910,4793,95,28
0.1020,4934,42.674588,0.002405,0.880377,9.994000,6,10,0.061220,0.020410,1,0.000816,0.122450,0,0,14,1,0.042268,4934,4823,96,28
0.1020,4966,42.922802,-0.002383,1.514972,9.993000,6,10,0.061220,0.020410,1,0.000816,0.122450,0,0,18,1,0.032962,4966,4850,97,28
0.1020,5003,43.172990,-0.012987,2.751712,9.994000,6,10,0.061220,0.020410,1,0.000816,0.122450,0,0,24,1,0.048142,5003,4880,98,28
0.1020,5033,43.516345,-0.010000,3.774838,9.997000,6,10,0.061220,0.020410,1,0.000816,0.122450,0,0,0,1,0.040445,5033,4934,98,28
0.1020,5055,43.673257,-0.012386,3.776514,9.997000,6,10,0.061220,0.020410,1,0.000816,0.122450,0,0,18,1,0.041445,5055,4937,99,28
0.1020,5093,44.112083,0.000000,5.103920,10.000000,6,10,0.061220,0.020410,1,0.000816,0.122450,0,0,0,1,0.028735,5093,4992,100,28
0.1020,5118,44.172686,-0.003792,5.111667,10.000000,6,10,0.061220,0.020410,1,0.000816,0.122450,0,0,22,1,0.032269,5118,4994,101,28
0.1020,5149,44.422957,-0.001927,5.557143,10.000000,6,10,0.061220,0.020410,1,0.000816,0.122450,0,0,23,1,0.029697,5149,5022,103,28
0.1020,5176,44.673212,-0.000624,6.014523,9.999000,6,10,0.061220,0.020410,1,0.000816,0.122450,0,0,22,1,0.048725,5176,5049,104,28
0.1020,5210,45.117576,0.000000,7.387158,9.995000,6,10,0.061220,0.020410,1,0.000816,0.122450,0,0,0,1,0.033504,5210,5104,105,28
0.1020,5235,45.172683,-0.004619,7.389535,9.995000,6,10,0.061220,0.020410,1,0.000816,0.122450,0,0,21,1,0.031491,5235,5106,107,28
0.1020,5266,45.422815,-0.015444,7.720853,9.996000,6,10,0.061220,0.020410,1,0.000816,0.122450,0,0,25,1,0.042887,5266,5132,108,28
0.1020,5296,45.714225,-0.020000,7.771364,10.002000,6,10,0.061220,0.020410,1,0.000816,0.122450,0,0,0,0,0.000000,5296,5185,110,28
0.1020,5327,46.117136,0.000000,6.988913,10.005000,6,10,0.061220,0.020410,1,0.000816,0.122450,0,0,0,1,0.027719,5327,5215,111,28
0.1020,5355,46.316227,0.020000,6.420444,10.000000,6,10,0.061220,0.020410,1,0.000816,0.122450,0,0,0,1,0.020894,5355,5243,111,28
0.1020,5382,46.422674,0.022431,6.425999,10.000000,6,10,0.061220,0.020410,1,0.000816,0.122450,0,0,23,1,0.033177,5382,5246,112,28
0.1020,5409,46.673475,0.025720,5.876639,9.994000,6,10,0.061220,0.020410,1,0.000816,0.122450,0,0,21,1,0.023778,5409,5275,112,28
0.1020,5444,47.120009,0.000000,4.479152,9.981000,6,10,0.061220,0.020410,1,0.000816,0.122450,0,0,0,1,0.028957,5444,5331,112,28
0.1020,5472,47.316420,0.000000,4.045009,9.981000,6,10,0.061220,0.020410,1,0.000816,0.122450,0,0,0,1,0.019227,5472,5358,113,28
0.1020,5501,47.514322,-0.010000,3.598291,9.982000,6,10,0.061220,0.020410,1,0.000816,0.122450,0,0,0,1,0.030474,5501,5386,114,28
0.1020,5530,47.718695,-0.010000,3.128242,9.984000,6,10,0.061220,0.020410,1,0.000816,0.122450,0,0,0,1,0.030819,5530,5415,114,28
0.1020,5554,47.923323,-0.014312,3.130508,9.984000,6,10,0.061220,0.020410,1,0.000816,0.122450,0,0,21,1,0.024501,5554,5418,114,29
0.1020,5588,48.173143,-0.014329,2.105523,9.989000,6,10,0.061220,0.020410,1,0.000816,0.122450,0,0,23,1,0.025915,5588,5450,114,29
0.1020,5615,48.423173,-0.013309,1.561119,9.992000,6,10,0.061220,0.020410,1,0.000816,0.122450,0,0,22,1,0.023540,5615,5478,114,29
0.1020,5635,48.672812,-0.011652,0.997810,9.994000,6,10,0.061220,0.020410,1,0.000816,0.122450,0,0,13,1,0.023073,5635,5507,114,29
0.1020,5676,48.923121,-0.010000,0.030000,9.999000,6,10,0.061220,0.020410,1,0.000816,0.122450,0,0,25,1,0.024981,5676,5536,114,29
0.1020,5706,49.316062,0.000000,0.326497,10.002000,6,10,0.061220,0.020410,1,0.000816,0.122450,0,0,0,1,0.031250,5706,5591,114,29
0.1020,5728,49.422709,-0.002323,0.333809,10.002000,6,10,0.061220,0.020410,1,0.000816,0.122450,0,0,16,1,0.031134,5728,5596,115,29
0.1020,5764,49.720426,0.000000,0.212603,10.000000,6,10,0.061220,0.020410,1,0.000816,0.122450,0,0,0,1,0.028922,5764,5648,115,29
0.1020,5794,49.922851,0.003469,0.147479,9.998000,6,10,0.061220,0.020410,1,0.000816,0.122450,1,0,7,0,0.000000,5794,5652,134,29
0.1020,5815,50.172788,0.001783,0.086679,9.997000,6,10,0.061220,0.020410,1,0.000816,0.122450,0,0,17,1,0.029290,5815,5661,136,31
0.1020,5850,50.422817,0.000094,0.044642,9.996000,6,10,0.061220,0.020410,1,0.000816,0.122450,0,0,22,1,0.028702,5850,5690,137,31
0.1020,5881,50.716755,0.000000,0.286007,9.995000,6,10,0.061220,0.020410,1,0.000816,0.122450,0,0,0,1,0.029419,5881,5743,137,31
0.1020,5905,50.923547,0.000956,0.290162,9.995000,6,10,0.061220,0.020410,1,0.000816,0.122450,0,0,19,1,0.016421,5905,5747,138,31
0.1020,5940,51.318320,0.000000,2.011591,9.993000,6,10,0.061220,0.020410,1,0.000816,0.122450,0,0,0,1,0.023049,5940,5801,138,31
0.1020,5969,51.516603,-0.010000,2.616008,9.994000,6,10,0.061220,0.020410,1,0.000816,0.122450,0,0,0,1,0.022471,5969,5830,138,31
0.1020,5998,51.696968,-0.012856,2.624034,9.994000,6,10,0.061220,0.020410,1,0.000816,0.122450,0,0,0,1,0.015547,5998,5857,140,31
0.1020,6030,52.146681,-0.013278,3.612732,9.997000,6,10,0.061220,0.020410,1,0.000816,0.122450,0,0,0,1,0.020459,6030,5888,141,31
0.1020,6050,52.173614,0.000000,4.180837,9.999000,6,10,0.061220,0.020410,1,0.000816,0.122450,0,0,17,1,0.024778,6050,5891,141,31
0.1020,6087,52.585053,-0.005672,4.732141,10.000000,6,10,0.061220,0.020410,1,0.000816,0.122450,0,0,0,1,0.016528,6087,5943,143,31
0.1020,6108,52.673392,0.000000,5.275642,10.000000,6,10,0.061220,0.020410,1,0.000816,0.122450,0,0,17,1,0.024533,6108,5946,143,31
0.1020,6145,53.145433,-0.000678,5.845883,9.999000,6,10,0.061220,0.020410,1,0.000816,0.122450,0,0,0,1,0.015842,6145,6001,143,31
0.1020,6173,53.390587,0.000354,6.434038,9.998000,6,10,0.061220,0.020410,1,0.000816,0.122450,0,0,0,1,0.015097,6173,6028,144,31
0.1020,6202,53.588538,-0.001081,7.022434,9.997000,6,10,0.061220,0.020410,1,0.000816,0.122450,0,0,0,1,0.020489,6202,6057,144,31
0.1020,6222,53.673629,0.000000,7.529283,9.996000,6,10,0.061220,0.020410,1,0.000816,0.122450,0,0,12,1,0.014686,6222,6065,144,31
0.1020,6260,54.148270,-0.023433,7.837649,9.998000,6,10,0.061220,0.020410,1,0.000816,0.122450,0,0,0,1,0.018740,6260,6115,144,31
0.1020,6288,54.392808,-0.029583,7.797230,10.002000,6,10,0.061220,0.020410,1,0.000816,0.122450,0,0,0,1,0.014790,6288,6142,145,31
0.1020,6317,54.586529,-0.014508,7.411549,10.005000,6,10,0.061220,0.020410,1,0.000816,0.122450,0,0,0,1,0.009914,6317,6171,145,31
0.1020,6337,54.673542,0.010000,6.754635,10.003000,6,10,0.061220,0.020410,1,0.000816,0.122450,0,0,11,1,0.013811,6337,6180,145,31
0.1020,6363,54.922977,0.020000,6.058102,9.995000,6,10,0.061220,0.020410,1,0.000816,0.122450,0,0,9,1,0.014188,6363,6208,145,31
0.1020,6403,55.391860,0.018959,5.422685,9.987000,6,10,0.061220,0.020410,1,0.000816,0.122450,0,0,0,1,0.008178,6403,6256,146,31
0.1020,6432,55.589263,0.005321,4.850431,9.981000,6,10,0.061220,0.020410,1,0.000816,0.122450,0,0,0,1,0.009412,6432,6285,146,31
0.1020,6461,55.892305,-0.006042,4.302208,9.980000,6,10,0.061220,0.020410,1,0.000816,0.122450,0,0,0,1,0.010493,6461,6314,146,31
0.1020,6484,55.922829,-0.010000,3.732640,9.981000,6,10,0.061220,0.020410,1,0.000816,0.122450,0,0,8,1,0.005909,6484,6329,146,31
0.1020,6518,56.390540,-0.015141,3.150161,9.984000,6,10,0.061220,0.020410,1,0.000816,0.122450,0,0,0,1,0.010069,6518,6371,146,32
0.1020,6547,56.588545,-0.015374,2.517769,9.987000,6,10,0.061220,0.020410,1,0.000816,0.122450,0,0,0,1,0.007179,6547,6400,146,32
0.1020,6571,56.673532,-0.014530,1.852622,9.990000,6,10,0.061220,0.020410,1,0.000816,0.122450,0,0,7,1,0.005504,6571,6416,147,32
0.1020,6605,57.148361,-0.012863,1.160644,9.993000,6,10,0.061220,0.020410,1,0.000816,0.122450,0,0,0,1,0.006165,6605,6457,147,32
0.1020,6633,57.395773,-0.011371,0.460520,9.996000,6,10,0.061220,0.020410,1,0.000816,0.122450,0,0,0,1,0.005641,6633,6485,147,32
0.1020,6658,57.422670,-0.012377,0.092328,9.999000,6,10,0.061220,0.020410,1,0.000816,0.122450,0,0,9,1,0.009209,6658,6501,147,32
0.1020,6691,57.893891,-0.006295,0.312713,10.001000,6,10,0.061220,0.020410,1,0.000816,0.122450,0,0,0,1,0.008387,6691,6543,147,32
0.1020,6715,57.923005,0.001193,0.305461,10.001000,6,10,0.061220,0.020410,1,0.000816,0.122450,0,0,9,1,0.008742,6715,6558,147,32
0.1020,6731,58.173615,0.000000,0.220227,10.000000,6,10,0.061220,0.020410,1,0.000816,0.122450,0,0,5,1,0.005359,6731,6578,147,32
0.1020,6777,58.592648,0.003328,0.138568,9.998000,6,10,0.061220,0.020410,1,0.000816,0.122450,0,0,0,1,0.009340,6777,6629,147,32
0.1020,6798,58.672692,0.000000,0.064031,9.997000,6,10,0.061220,0.020410,1,0.000816,0.122450,0,0,8,1,0.006933,6798,6642,147,33
0.1020,6836,59.039685,-0.001650,0.039669,9.996000,6,10,0.061220,0.020410,1,0.000816,0.122450,0,0,0,1,0.009375,6836,6688,147,33
0.1020,6867,59.392796,-0.033922,0.044109,9.998000,6,10,0.061220,0.020410,1,0.000816,0.122450,0,0,0,1,0.006490,6867,6717,149,33
0.1020,6896,59.590016,-0.120389,0.122825,10.015000,6,10,0.061220,0.020410,1,0.000816,0.122450,0,0,0,1,0.008608,6896,6746,149,33
0.1020,6920,59.674196,-0.262640,0.263361,10.061000,6,10,0.061220,0.020410,1,0.000816,0.122450,0,0,8,1,0.007482,6920,6762,149,33
0.1020,6932,59.925559,-0.450000,0.450111,10.149000,6,10,0.061220,0.020410,1,0.000816,0.122450,0,0,1,1,0.009811,6932,6781,149,33
0.1020,6982,60.392485,-0.687330,0.687395,10.290000,6,10,0.061220,0.020410,1,0.000816,0.122450,0,0,0,1,0.008300,6982,6832,149,33
0.1020,7007,60.426306,-0.922599,0.922694,10.491000,6,10,0.061220,0.020410,1,0.000816,0.122450,0,0,2,1,0.005973,7007,6855,149,33
0.1020,7034,60.673304,-1.150000,1.150043,10.752000,6,10,0.061220,0.020410,1,0.000816,0.122450,0,0,8,1,0.006959,7034,6875,150,33
0.1020,7058,60.922812,-1.350000,1.350148,11.068000,6,10,0.061220,0.020410,1,0.000816,0.122450,0,0,7,1,0.006928,7058,6900,150,33
0.1020,7090,61.172814,-1.510000,1.510132,11.431000,6,10,0.061220,0.020410,1,0.000816,0.122450,0,0,12,1,0.005624,7090,6927,150,33
0.1020,7126,61.589081,-1.607317,1.607507,11.825000,6,10,0.061220,0.020410,1,0.000816,0.122450,0,0,0,1,0.007832,7126,6975,150,33
0.1020,7133,61.677355,-1.640000,1.640122,12.234000,6,10,0.061220,0.020410,1,0.000816,0.122450,0,0,1,1,0.009995,7133,6981,150,33
0.1020,7174,61.924767,-1.630000,1.630153,12.646000,6,10,0.061220,0.020410,1,0.000816,0.122450,0,0,6,1,0.007768,7174,7017,150,33
0.1020,7213,62.395053,-1.606470,1.606639,13.052000,6,10,0.061220,0.020410,1,0.000816,0.122450,0,0,0,1,0.009341,7213,7061,151,33
0.1020,7231,62.423127,-1.540000,1.540065,13.452000,6,10,0.061220,0.020410,1,0.000816,0.122450,0,0,6,1,0.008542,7231,7073,151,33
0.1020,7271,62.890373,-1.440867,1.441027,13.830000,6,10,0.061220,0.020410,1,0.000816,0.122450,0,0,0,1,0.007444,7271,7119,151,33
0.1020,7291,62.922711,-1.270000,1.270315,14.173000,6,10,0.061220,0.020410,1,0.000816,0.122450,0,0,10,1,0.008020,7291,7129,151,33
0.1020,7327,63.172971,-1.051877,1.059867,14.467000,6,10,0.061220,0.020410,1,0.000816,0.122450,0,0,15,1,0.005767,7327,7160,151,33
0.1020,7342,63.423930,-0.790000,0.844452,14.700000,6,10,0.061220,0.020410,1,0.000816,0.122450,0,0,1,1,0.006005,7342,7189,151,33
0.1020,7386,63.895192,-0.545042,0.777964,14.869000,6,10,0.061220,0.020410,1,0.000816,0.122450,0,0,0,1,0.007688,7386,7234,151,33
0.1020,7402,63.922737,-0.300000,0.924770,14.975000,6,10,0.061220,0.020410,1,0.000816,0.122450,0,0,6,1,0.005275,7402,7244,151,33
0.1020,7433,64.173093,-0.100000,1.265109,15.025000,6,10,0.061220,0.020410,1,0.000816,0.122450,0,0,7,1,0.007034,7433,7274,151,33
0.1020,7461,64.423606,0.010000,1.706605,15.034000,6,10,0.061220,0.020410,1,0.000816,0.122450,0,0,9,1,0.010294,7461,7300,151,33
0.1020,7489,64.673127,0.070000,2.204132,15.019000,6,10,0.061220,0.020410,1,0.000816,0.122450,0,0,12,1,0.006188,7489,7324,152,33
0.1020,7513,64.922768,0.060000,2.739562,14.998000,6,10,0.061220,0.020410,1,0.000816,0.122450,0,0,6,1,0.009293,7513,7354,152,33
0.1020,7547,65.172886,0.030000,3.284829,14.981000,6,10,0.061220,0.020410,1,0.000816,0.122450,0,0,10,1,0.008366,7547,7384,152,33
0.1020,7573,65.422772,0.000000,3.842005,14.972000,6,10,0.061220,0.020410,1,0.000816,0.122450,0,0,5,1,0.009155,7573,7415,152,33
0.1020,7604,65.673033,-0.010000,4.377968,14.969000,6,10,0.061220,0.020410,1,0.000816,0.122450,0,0,11,1,0.006397,7604,7439,152,33
0.1020,7633,65.923237,-0.020000,4.884353,14.971000,6,10,0.061220,0.020410,1,0.000816,0.122450,0,0,10,1,0.008920,7633,7470,152,33
0.1020,7672,66.172856,-0.028620,5.393404,14.974000,6,10,0.061220,0.020410,1,0.000816,0.122450,0,0,19,1,0.009479,7672,7500,152,33
0.1020,7693,66.422993,-0.020000,5.897059,14.977000,6,10,0.061220,0.020410,1,0.000816,0.122450,0,0,12,1,0.014066,7693,7528,152,33
0.1020,7731,66.892674,-0.020688,6.431218,14.980000,6,10,0.061220,0.020410,1,0.000816,0.122450,0,0,0,1,0.014269,7731,7578,152,33
0.1020,7760,67.153891,-0.016776,6.970053,14.981000,6,10,0.061220,0.020410,1,0.000816,0.122450,0,0,0,1,0.012263,7760,7607,152,33
0.1020,7777,67.172674,-0.010000,7.478543,14.983000,6,10,0.061220,0.020410,1,0.000816,0.122450,0,0,15,1,0.017744,7777,7608,153,33
0.1020,7805,67.423021,-0.010000,7.943809,14.985000,6,10,0.061220,0.020410,1,0.000816,0.122450,0,0,15,1,0.016378,7805,7636,153,33
0.1020,7834,67.672753,-0.010000,8.349862,14.986000,6,10,0.061220,0.020410,1,0.000816,0.122450,0,0,13,1,0.017988,7834,7667,153,33
0.1020,7867,67.923318,-0.010000,8.695091,14.987000,6,10,0.061220,0.020410,1,0.000816,0.122450,0,0,15,1,0.015286,7867,7697,154,33
0.1020,7903,68.397736,-0.012076,8.996758,14.987000,6,10,0.061220,0.020410,1,0.000816,0.122450,0,0,0,1,0.023323,7903,7747,155,33
0.1020,7924,68.422771,-0.010000,9.232670,14.987000,6,10,0.061220,0.020410,1,0.000816,0.122450,0,0,18,1,0.024725,7924,7750,155,33
0.1020,7958,68.672985,-0.013382,9.435840,14.988000,6,10,0.061220,0.020410,1,0.000816,0.122450,0,0,23,1,0.018234,7958,7779,155,33
0.1020,7989,68.922681,-0.014817,9.577425,14.988000,6,10,0.061220,0.020410,1,0.000816,0.122450,0,0,25,1,0.015890,7989,7808,155,33
0.1020,8005,69.173158,-0.010000,9.661734,14.990000,6,10,0.061220,0.020410,1,0.000816,0.122450,0,0,14,1,0.019803,8005,7835,155,33
0.1020,8039,69.423046,-0.010000,9.692972,14.991000,6,10,0.061220,0.020410,1,0.000816,0.122450,0,0,19,1,0.017939,8039,7863,156,33
0.1020,8065,69.673406,-0.010000,9.692972,14.992000,6,10,0.061220,0.020410,1,0.000816,0.122450,0,0,17,1,0.027609,8065,7891,156,33
0.1020,8098,69.922681,-0.010000,9.694627,14.992000,6,10,0.061220,0.020410,1,0.000816,0.122450,0,0,19,1,0.022190,8098,7922,156,33
0.1020,8130,70.172803,-0.007405,9.717477,14.992000,6,10,0.061220,0.020410,1,0.000816,0.122450,0,0,25,1,0.034348,8130,7948,156,33
0.1020,8152,70.423451,0.000000,9.745589,14.991000,6,10,0.061220,0.020410,1,0.000816,0.122450,0,0,19,1,0.033499,8152,7976,156,33
0.1020,8180,70.673596,0.000000,9.776835,14.990000,6,10,0.061220,0.020410,1,0.000816,0.122450,0,0,16,1,0.030134,8180,8006,157,33
0.1020,8213,70.923641,0.000000,9.817943,14.990000,6,10,0.061220,0.020410,1,0.000816,0.122450,0,0,21,1,0.024453,8213,8034,157,33
0.1020,8243,71.173218,-0.007957,9.849921,14.990000,6,10,0.061220,0.020410,1,0.000816,0.122450,0,0,23,1,0.021519,8243,8062,157,33
0.1020,8277,71.594946,-0.009382,9.873243,14.991000,6,10,0.061220,0.020410,1,0.000816,0.122450,0,0,0,1,0.038725,8277,8119,157,33
0.1020,8295,71.673600,0.000000,9.878770,14.991000,6,10,0.061220,0.020410,1,0.000816,0.122450,0,0,17,1,0.035447,8295,8120,157,33
0.1020,8333,71.922802,-0.008952,9.896162,14.991000,6,10,0.061220,0.020410,1,0.000816,0.122450,0,0,26,1,0.035969,8333,8149,157,33
0.1020,8353,72.172718,0.000000,9.898490,14.992000,6,10,0.061220,0.020410,1,0.000816,0.122450,0,0,17,1,0.040913,8353,8177,158,33
0.1020,8393,72.594496,-0.008190,9.906591,14.992000,6,10,0.061220,0.020410,1,0.000816,0.122450,0,0,0,1,0.027280,8393,8231,161,33
0.1020,8413,72.673109,0.000000,9.908350,14.992000,6,10,0.061220,0.020410,1,0.000816,0.122450,0,0,17,1,0.022824,8413,8232,163,33
0.1020,8446,72.922837,-0.006417,9.924767,14.992000,6,10,0.061220,0.020410,1,0.000816,0.122450,0,0,23,1,0.044288,8446,8258,164,33
0.1020,8465,73.173560,0.000000,9.928071,14.992000,6,10,0.061220,0.020410,1,0.000816,0.122450,0,0,13,1,0.043514,8465,8286,165,33
0.1020,8493,73.423493,0.000000,9.928071,14.992000,6,10,0.061220,0.020410,1,0.000816,0.122450,0,0,14,1,0.025127,8493,8313,165,33
0.1020,8527,73.673393,0.000000,9.947794,14.992000,6,10,0.061220,0.020410,1,0.000816,0.122450,0,0,17,1,0.030985,8527,8343,166,33
0.1020,8565,73.923329,-0.006652,9.964272,14.991000,6,10,0.061220,0.020410,1,0.000816,0.122450,0,0,27,1,0.033003,8565,8370,167,33
0.1020,8580,74.173047,0.000000,9.967517,14.991000,6,10,0.061220,0.020410,1,0.000816,0.122450,0,0,14,1,0.029293,8580,8398,167,33
0.1020,8610,74.422794,0.000000,9.977379,14.991000,6,10,0.061220,0.020410,1,0.000816,0.122450,0,0,15,1,0.037822,8610,8426,168,33
0.1020,8629,74.674432,-0.010000,9.937937,14.992000,6,10,0.061220,0.020410,1,0.000816,0.122450,0,0,4,1,0.033973,8629,8455,169,33
0.1020,8666,74.925578,-0.010000,9.836005,14.994000,6,10,0.061220,0.020410,1,0.000816,0.122450,0,0,13,1,0.019774,8666,8483,169,33
0.1020,8694,75.173419,-0.010000,9.642007,14.997000,6,10,0.061220,0.020410,1,0.000816,0.122450,0,0,13,1,0.036100,8694,8511,169,33
0.1020,8738,75.595364,-0.016195,9.393113,14.999000,6,10,0.061220,0.020410,1,0.000816,0.122450,0,0,0,1,0.029507,8738,8568,169,33
0.1020,8751,75.673575,-0.010000,9.066631,15.001000,6,10,0.061220,0.020410,1,0.000816,0.122450,0,0,11,1,0.033568,8751,8569,170,33
0.1020,8796,76.156051,-0.005437,8.690204,15.001000,6,10,0.061220,0.020410,1,0.000816,0.122450,0,0,0,1,0.029455,8796,8625,170,33
0.1020,8813,76.173052,0.000000,8.247969,15.000000,6,10,0.061220,0.020410,1,0.000816,0.122450,0,0,14,1,0.024149,8813,8625,173,33
0.1020,8844,76.422952,0.000000,7.743339,14.997000,6,10,0.061220,0.020410,1,0.000816,0.122450,0,0,18,1,0.025370,8844,8652,173,33
0.1020,8874,76.672919,0.000000,7.186049,14.993000,6,10,0.061220,0.020410,1,0.000816,0.122450,0,0,20,1,0.018173,8874,8680,173,33
0.1020,8897,76.922997,0.010000,6.559825,14.989000,6,10,0.061220,0.020410,1,0.000816,0.122450,0,0,14,1,0.019333,8897,8709,173,33
0.1020,8926,77.172815,0.000000,5.902347,14.985000,6,10,0.061220,0.020410,1,0.000816,0.122450,0,0,14,1,0.025028,8926,8737,174,33
0.1020,8955,77.423471,0.000000,5.243138,14.981000,6,10,0.061220,0.020410,1,0.000816,0.122450,0,0,14,1,0.025471,8955,8766,174,33
0.1020,8985,77.673596,0.000000,4.593778,14.980000,6,10,0.061220,0.020410,1,0.000816,0.122450,0,0,16,1,0.020485,8985,8793,175,33
0.1020,9012,77.922712,-0.010000,3.954276,14.980000,6,10,0.061220,0.020410,1,0.000816,0.122450,0,0,13,1,0.025104,9012,8823,175,33
0.1020,9040,78.172983,-0.010000,3.304936,14.982000,6,10,0.061220,0.020410,1,0.000816,0.122450,0,0,11,1,0.014465,9040,8852,176,33
0.1020,9066,78.422750,-0.010000,2.653790,14.984000,6,10,0.061220,0.020410,1,0.000816,0.122450,0,0,12,1,0.019151,9066,8877,176,33
0.1020,9103,78.672733,-0.010000,2.033962,14.986000,6,10,0.061220,0.020410,1,0.000816,0.122450,0,0,15,1,0.016955,9103,8910,177,33
0.1020,9138,78.923100,-0.016568,1.486710,14.987000,6,10,0.061220,0.020410,1,0.000816,0.122450,0,0,24,1,0.018640,9138,8935,178,33
0.1020,9154,79.172748,-0.010000,1.004540,14.988000,6,10,0.061220,0.020410,1,0.000816,0.122450,0,0,13,1,0.021584,9154,8962,178,33
0.1020,9184,79.423135,-0.010000,0.618223,14.989000,6,10,0.061220,0.020410,1,0.000816,0.122450,0,0,13,1,0.021880,9184,8991,179,33
0.1020,9218,79.672831,-0.010000,0.312730,14.989000,6,10,0.061220,0.020410,1,0.000816,0.122450,0,0,17,1,0.019792,9218,9021,179,33
0.1020,9241,79.922845,-0.010000,0.080623,14.988000,6,10,0.061220,0.020410,1,0.000816,0.122450,0,0,13,1,0.012033,9241,9048,179,33
0.1020,9284,80.399878,-0.010303,0.076055,14.988000,6,10,0.061220,0.020410,1,0.000816,0.122450,0,0,0,1,0.012350,9284,9104,179,33
0.1020,9310,80.422717,-0.010275,0.166465,14.987000,6,10,0.061220,0.020410,1,0.000816,0.122450,0,0,22,1,0.014839,9310,9106,181,33
0.1020,9327,80.673497,-0.010000,0.184662,14.987000,6,10,0.061220,0.020410,1,0.000816,0.122450,0,0,11,1,0.018769,9327,9133,182,33
0.1020,9371,81.157084,-0.011489,0.160406,14.987000,6,10,0.061220,0.020410,1,0.000816,0.122450,0,0,0,1,0.021374,9371,9188,182,33
0.1020,9383,81.172739,-0.010000,0.092736,14.987000,6,10,0.061220,0.020410,1,0.000816,0.122450,0,0,12,1,0.018752,9383,9188,182,33
0.1020,9419,81.423369,-0.010000,0.051962,14.988000,6,10,0.061220,0.020410,1,0.000816,0.122450,0,0,16,1,0.017109,9419,9220,182,33
0.1020,9442,81.673445,-0.010000,0.031623,14.989000,6,10,0.061220,0.020410,1,0.000816,0.122450,0,0,12,1,0.014828,9442,9247,182,33
0.1020,9473,81.923230,-0.010000,0.031623,14.990000,6,10,0.061220,0.020410,1,0.000816,0.122450,0,0,14,1,0.022486,9473,9275,183,33
0.1020,9501,82.173406,0.000000,0.050000,14.991000,6,10,0.061220,0.020410,1,0.000816,0.122450,0,0,12,1,0.015037,9501,9304,184,33
0.1020,9529,82.423676,0.000000,0.070000,14.992000,6,10,0.061220,0.020410,1,0.000816,0.122450,0,0,12,1,0.014740,9529,9332,184,33
0.1020,9558,82.675678,0.000000,0.090000,14.993000,6,10,0.061220,0.020410,1,0.000816,0.122450,0,0,11,1,0.021224,9558,9362,184,33
0.1020,9596,82.922696,0.000000,0.090000,14.994000,6,10,0.061220,0.020410,1,0.000816,0.122450,0,0,21,1,0.019945,9596,9390,184,33
0.1020,9613,83.173308,0.000000,0.090000,14.994000,6,10,0.061220,0.020410,1,0.000816,0.122450,0,0,11,1,0.016530,9613,9417,184,33
0.1020,9645,83.422979,0.000000,0.090000,14.995000,6,10,0.061220,0.020410,1,0.000816,0.122450,0,0,13,1,0.013156,9645,9446,185,33
0.1020,9672,83.673442,0.000000,0.080000,14.995000,6,10,0.061220,0.020410,1,0.000816,0.122450,0,0,12,1,0.015842,9672,9474,185,33
0.1020,9707,83.923478,0.000000,0.060828,14.996000,6,10,0.061220,0.020410,1,0.000816,0.122450,0,0,16,1,0.016849,9707,9504,186,33
0.1020,9722,84.176362,0.000000,0.050990,14.996000,6,10,0.061220,0.020410,1,0.000816,0.122450,0,0,4,1,0.018733,9722,9531,186,33
0.1020,9760,84.423349,0.000000,0.041231,14.997000,6,10,0.061220,0.020410,1,0.000816,0.122450,0,0,13,1,0.012613,9760,9560,186,33
0.1020,9792,84.672762,0.000000,0.031623,14.998000,6,10,0.061220,0.020410,1,0.000816,0.122450,0,0,16,1,0.014691,9792,9589,186,33
0.1020,9815,84.923397,0.000000,0.031623,14.998000,6,10,0.061220,0.020410,1,0.000816,0.122450,0,0,10,1,0.013325,9815,9618,186,33
0.1020,9847,85.173397,0.000000,0.031623,14.998000,6,10,0.061220,0.020410,1,0.000816,0.122450,0,0,15,1,0.013356,9847,9645,186,33
0.1020,9871,85.423339,0.000000,0.022361,14.998000,6,10,0.061220,0.020410,1,0.000816,0.122450,0,0,9,1,0.013259,9871,9675,186,33
0.1020,9902,85.672901,0.000000,0.022361,14.998000,6,10,0.061220,0.020410,1,0.000816,0.122450,0,0,11,1,0.022140,9902,9704,186,33
0.1020,9937,85.922846,0.000000,0.022361,14.998000,6,10,0.061220,0.020410,1,0.000816,0.122450,0,0,17,1,0.021982,9937,9733,186,33
0.1020,9971,86.172953,0.160863,0.163162,14.981000,6,10,0.061220,0.020410,1,0.000816,0.122450,0,0,23,1,0.018994,9971,9761,186,33
0.1020,9985,86.423520,0.410000,0.410609,14.910000,6,10,0.061220,0.020410,1,0.000816,0.122450,0,0,10,1,0.014236,9985,9788,186,33
0.1020,10018,86.672798,0.690000,0.690362,14.772000,6,10,0.061220,0.020410,1,0.000816,0.122450,0,0,16,1,0.014160,10018,9815,186,33
0.1020,10047,86.922726,0.970000,0.970258,14.563000,6,10,0.061220,0.020410,1,0.000816,0.122450,0,0,18,1,0.017297,10047,9842,186,33
0.1020,10069,87.173797,1.240000,1.240202,14.286000,6,10,0.061220,0.020410,1,0.000816,0.122450,0,0,12,1,0.017402,10069,9870,186,33
0.1020,10092,87.422813,1.470000,1.470170,13.939000,6,10,0.061220,0.020410,1,0.000816,0.122450,0,0,6,1,0.018523,10092,9898,187,33
0.1020,10134,87.672928,1.560000,1.560160,13.552000,6,10,0.061220,0.020410,1,0.000816,0.122450,0,0,18,1,0.020674,10134,9928,187,33
0.1020,10144,87.923276,1.560000,1.560160,13.157000,6,10,0.061220,0.020410,1,0.000816,0.122450,0,0,3,1,0.015807,10144,9952,188,33
0.1020,10177,88.172880,1.530000,1.530065,12.765000,6,10,0.061220,0.020410,1,0.000816,0.122450,0,0,8,1,0.013820,10177,9980,188,33
0.1020,10203,88.422731,1.500000,1.500067,12.381000,6,10,0.061220,0.020410,1,0.000816,0.122450,0,0,7,1,0.012822,10203,10007,188,33
0.1020,10241,88.672709,1.480000,1.480068,12.003000,6,10,0.061220,0.020410,1,0.000816,0.122450,0,0,17,1,0.013393,10241,10035,188,33
0.1020,10262,88.922828,1.470000,1.470170,11.631000,6,10,0.061220,0.020410,1,0.000816,0.122450,0,0,10,1,0.022047,10262,10063,188,33
0.1020,10293,89.173041,1.400000,1.400179,11.267000,6,10,0.061220,0.020410,1,0.000816,0.122450,0,0,12,1,0.015177,10293,10092,188,33
0.1020,10320,89.422955,1.190000,1.190168,10.939000,6,10,0.061220,0.020410,1,0.000816,0.122450,0,0,12,1,0.020686,10320,10119,188,33
0.1020,10344,89.673330,0.930000,0.930215,10.668000,6,10,0.061220,0.020410,1,0.000816,0.122450,0,0,8,1,0.013153,10344,10147,188,33
0.1020,10376,89.923193,0.650000,0.650077,10.468000,6,10,0.061220,0.020410,1,0.000816,0.122450,0,0,12,1,0.017157,10376,10175,188,33
0.1020,10402,90.174377,0.470000,0.470106,10.328000,6,10,0.061220,0.020410,1,0.000816,0.122450,0,0,9,1,0.022431,10402,10204,188,33
0.1020,10431,90.423134,0.410000,0.410122,10.216000,6,10,0.061220,0.020410,1,0.000816,0.122450,0,0,10,1,0.021040,10431,10232,188,33
0.1020,10460,90.673407,0.420000,0.420119,10.112000,6,10,0.061220,0.020410,1,0.000816,0.122450,0,0,10,1,0.017859,10460,10261,188,33
0.1020,10492,90.922919,0.440000,0.440114,10.004000,6,10,0.061220,0.020410,1,0.000816,0.122450,0,0,14,1,0.019019,10492,10288,189,33
0.1020,10511,91.172665,0.470000,0.470106,9.890000,6,10,0.061220,0.020410,1,0.000816,0.122450,0,0,6,1,0.012005,10511,10315,189,33
0.1020,10548,91.423070,0.490000,0.490408,9.770000,6,10,0.061220,0.020410,1,0.000816,0.122450,0,0,13,1,0.015641,10548,10343,191,33
0.1020,10573,91.673294,0.510000,0.510392,9.644000,6,10,0.061220,0.020410,1,0.000816,0.122450,0,0,12,1,0.013348,10573,10369,191,33
0.1020,10598,91.923594,0.510000,0.510392,9.517000,6,10,0.061220,0.020410,1,0.000816,0.122450,0,0,9,1,0.023310,10598,10397,191,33
0.1020,10625,92.172878,0.510000,0.510392,9.390000,6,10,0.061220,0.020410,1,0.000816,0.122450,0,0,8,1,0.020357,10625,10425,191,33
0.1020,10659,92.423206,0.510000,0.510392,9.262000,6,10,0.061220,0.020410,1,0.000816,0.122450,0,0,15,1,0.019896,10659,10452,191,33
0.1020,10687,92.672917,0.510000,0.510098,9.136000,6,10,0.061220,0.020410,1,0.000816,0.122450,0,0,15,1,0.018263,10687,10480,191,33
0.1020,10704,92.925269,0.510000,0.510098,9.009000,6,10,0.061220,0.020410,1,0.000816,0.122450,0,0,3,1,0.021563,10704,10509,191,33
0.1020,10740,93.173493,0.500000,0.500100,8.883000,6,10,0.061220,0.020410,1,0.000816,0.122450,0,0,13,1,0.014944,10740,10535,191,33
0.1020,10766,93.422862,0.500000,0.500100,8.758000,6,10,0.061220,0.020410,1,0.000816,0.122450,0,0,11,1,0.017484,10766,10563,191,33
0.1020,10802,93.673239,0.500000,0.500100,8.632000,6,10,0.061220,0.020410,1,0.000816,0.122450,0,0,18,1,0.020492,10802,10591,192,33
0.1020,10820,93.923418,0.500000,0.500100,8.506000,6,10,0.061220,0.020410,1,0.000816,0.122450,0,0,7,1,0.023181,10820,10619,193,33
0.1020,10844,94.178664,0.500000,0.500100,8.381000,6,10,0.061220,0.020410,1,0.000816,0.122450,0,0,3,1,0.020141,10844,10647,193,33
0.1020,10881,94.423679,0.500000,0.500100,8.256000,6,10,0.061220,0.020410,1,0.000816,0.122450,0,0,13,1,0.022253,10881,10673,194,33
0.1020,10905,94.673108,0.500000,0.500100,8.131000,6,10,0.061220,0.020410,1,0.000816,0.122450,0,0,10,1,0.014658,10905,10700,194,33
0.1020,10937,94.922790,0.500000,0.500100,8.006000,6,10,0.061220,0.020410,1,0.000816,0.122450,0,0,15,1,0.012555,10937,10727,194,33
0.1020,10960,95.173021,0.500000,0.500100,7.881000,6,10,0.061220,0.020410,1,0.000816,0.122450,0,0,11,1,0.019575,10960,10754,194,33
0.1020,10990,95.423546,0.500000,0.500100,7.757000,6,10,0.061220,0.020410,1,0.000816,0.122450,0,0,14,1,0.012120,10990,10781,194,33
0.1020,11013,95.672951,0.500000,0.500100,7.632000,6,10,0.061220,0.020410,1,0.000816,0.122450,0,0,6,1,0.023457,11013,10810,195,33
0.1020,11046,95.923223,0.500000,0.500100,7.506000,6,10,0.061220,0.020410,1,0.000816,0.122450,0,0,13,1,0.016811,11046,10836,196,33
0.1020,11063,96.172787,0.500000,0.500400,7.380000,6,10,0.061220,0.020410,1,0.000816,0.122450,0,0,3,1,0.018336,11063,10863,196,33
0.1020,11096,96.425139,0.500000,0.500400,7.255000,6,10,0.061220,0.020410,1,0.000816,0.122450,0,0,8,1,0.022147,11096,10891,196,33
0.1020,11140,96.672922,0.504387,0.504958,7.129000,6,10,0.061220,0.020410,1,0.000816,0.122450,0,0,24,1,0.019683,11140,10919,196,33
0.1020,11161,96.922808,0.500000,0.500400,7.004000,6,10,0.061220,0.020410,1,0.000816,0.122450,0,0,16,1,0.021303,11161,10947,197,33
0.1020,11181,97.172715,0.500000,0.500400,6.879000,6,10,0.061220,0.020410,1,0.000816,0.122450,0,0,10,1,0.022779,11181,10973,197,33
0.1020,11213,97.423171,0.500000,0.500400,6.754000,6,10,0.061220,0.020410,1,0.000816,0.122450,0,0,14,1,0.018197,11213,11001,197,33
0.1020,11236,97.672840,0.500000,0.500400,6.629000,6,10,0.061220,0.020410,1,0.000816,0.122450,0,0,9,1,0.019140,11236,11029,197,33
0.1020,11261,97.923760,0.500000,0.500400,6.503000,6,10,0.061220,0.020410,1,0.000816,0.122450,0,0,6,1,0.018710,11261,11057,197,33
0.1020,11295,98.172694,0.500000,0.500400,6.378000,6,10,0.061220,0.020410,1,0.000816,0.122450,0,0,13,1,0.015343,11295,11083,198,33
0.1020,11320,98.426574,0.500000,0.500400,6.253000,6,10,0.061220,0.020410,1,0.000816,0.122450,0,0,10,1,0.015292,11320,11111,198,33
0.1020,11350,98.673833,0.500000,0.500400,6.128000,6,10,0.061220,0.020410,1,0.000816,0.122450,0,0,12,1,0.022909,11350,11139,198,33
0.1020,11378,98.923040,0.500000,0.500400,6.003000,6,10,0.061220,0.020410,1,0.000816,0.122450,0,0,12,1,0.021808,11378,11167,198,33
0.1020,11403,99.173222,0.500000,0.500400,5.879000,6,10,0.061220,0.020410,1,0.000816,0.122450,0,0,10,1,0.011999,11403,11194,198,33
0.1020,11429,99.423141,0.500000,0.500400,5.754000,6,10,0.061220,0.020410,1,0.000816,0.122450,0,0,7,1,0.013214,11429,11221,200,33
0.1020,11456,99.673010,0.500000,0.500400,5.629000,6,10,0.061220,0.020410,1,0.000816,0.122450,0,0,7,1,0.017492,11456,11248,200,33
0.1020,11490,99.922955,0.500000,0.500400,5.503000,6,10,0.061220,0.020410,1,0.000816,0.122450,0,0,13,1,0.019614,11490,11275,201,33
0.1020,11519,100.173049,0.500000,0.500400,5.378000,6,10,0.061220,0.020410,1,0.000816,0.122450,0,0,15,1,0.023331,11519,11301,202,33
0.1020,11541,100.422676,0.500000,0.500400,5.252000,6,10,0.061220,0.020410,1,0.000816,0.122450,0,0,9,1,0.013433,11541,11328,203,33
0.1020,11569,100.672745,0.500000,0.500400,5.127000,6,10,0.061220,0.020410,1,0.000816,0.122450,0,0,9,1,0.023289,11569,11356,203,33
0.1020,11609,100.922873,0.500000,0.500400,5.002000,6,10,0.061220,0.020410,1,0.000816,0.122450,0,0,20,1,0.016818,11609,11383,205,33
0.1020,11629,101.172903,0.500000,0.500400,4.877000,6,10,0.061220,0.020410,1,0.000816,0.122450,0,0,14,1,0.020092,11629,11409,205,33
0.1020,11654,101.423359,0.500000,0.500400,4.752000,6,10,0.061220,0.020410,1,0.000816,0.122450,0,0,11,1,0.019012,11654,11437,205,33
0.1020,11679,101.673341,0.500000,0.500100,4.627000,6,10,0.061220,0.020410,1,0.000816,0.122450,0,0,8,1,0.017423,11679,11465,205,33
0.1020,11717,101.922790,0.500000,0.500100,4.502000,6,10,0.061220,0.020410,1,0.000816,0.122450,0,0,18,1,0.017776,11717,11493,205,33
0.1020,11735,102.173226,0.500000,0.500100,4.376000,6,10,0.061220,0.020410,1,0.000816,0.122450,0,0,8,1,0.013536,11735,11521,205,33
0.1020,11780,102.423135,0.500735,0.501138,4.251000,6,10,0.061220,0.020410,1,0.000816,0.122450,0,0,24,1,0.021384,11780,11550,205,33
0.1020,11794,102.673183,0.500000,0.500400,4.126000,6,10,0.061220,0.020410,1,0.000816,0.122450,0,0,11,1,0.018126,11794,11577,205,33
0.1020,11835,102.922946,0.500630,0.501032,4.001000,6,10,0.061220,0.020410,1,0.000816,0.122450,0,0,23,1,0.019328,11835,11605,206,33
0.1020,11856,103.172746,0.500000,0.500400,3.876000,6,10,0.061220,0.020410,1,0.000816,0.122450,0,0,17,1,0.016842,11856,11631,207,33
0.1020,11871,103.423946,0.500000,0.500400,3.751000,6,10,0.061220,0.020410,1,0.000816,0.122450,0,0,5,1,0.015251,11871,11658,207,33
0.1020,11903,103.673057,0.500000,0.500400,3.627000,6,10,0.061220,0.020410,1,0.000816,0.122450,0,0,9,1,0.018799,11903,11686,207,33
0.1020,11933,103.922846,0.500000,0.500400,3.502000,6,10,0.061220,0.020410,1,0.000816,0.122450,0,0,11,1,0.023891,11933,11714,207,33
0.1020,11958,104.173555,0.500000,0.500400,3.376000,6,10,0.061220,0.020410,1,0.000816,0.122450,0,0,8,1,0.023003,11958,11742,207,33
0.1020,11994,104.422853,0.500000,0.500400,3.251000,6,10,0.061220,0.020410,1,0.000816,0.122450,0,0,17,1,0.012239,11994,11768,208,33
0.1020,12012,104.672735,0.500000,0.500100,3.126000,6,10,0.061220,0.020410,1,0.000816,0.122450,0,0,7,1,0.019217,12012,11796,208,33
0.1020,12043,104.923366,0.500000,0.500400,3.001000,6,10,0.061220,0.020410,1,0.000816,0.122450,0,0,10,1,0.022651,12043,11823,209,33
0.1020,12076,105.173149,0.500000,0.500400,2.875000,6,10,0.061220,0.020410,1,0.000816,0.122450,0,0,15,1,0.023807,12076,11850,210,33
0.1020,12094,105.423811,0.490000,0.490408,2.750000,6,10,0.061220,0.020410,1,0.000816,0.122450,0,0,6,1,0.022285,12094,11876,211,33
0.1020,12129,105.672859,0.490000,0.490408,2.625000,6,10,0.061220,0.020410,1,0.000816,0.122450,0,0,12,1,0.014338,12129,11904,212,33
0.1020,12157,105.923788,0.490000,0.490408,2.501000,6,10,0.061220,0.020410,1,0.000816,0.122450,0,0,13,1,0.014782,12157,11931,212,33
0.1020,12190,106.172862,0.500000,0.500400,2.375000,6,10,0.061220,0.020410,1,0.000816,0.122450,0,0,19,1,0.022560,12190,11958,212,33
0.1020,12209,106.423514,0.490000,0.490102,2.250000,6,10,0.061220,0.020410,1,0.000816,0.122450,0,0,11,1,0.012044,12209,11985,212,33
0.1020,12237,106.672749,0.490000,0.490102,2.125000,6,10,0.061220,0.020410,1,0.000816,0.122450,0,0,10,1,0.018847,12237,12014,212,33
0.1020,12263,106.923445,0.490000,0.490102,2.000000,6,10,0.061220,0.020410,1,0.000816,0.122450,0,0,9,1,0.022565,12263,12041,212,33
0.1020,12283,107.174652,0.499642,0.500018,2.000000,6,10,0.061220,0.020410,1,0.000816,0.122450,0,0,1,1,0.021479,12283,12069,212,33
0.1020,12318,107.422728,0.490000,0.490102,1.749000,6,10,0.061220,0.020410,1,0.000816,0.122450,0,0,9,1,0.019737,12318,12096,212,33
0.1020,12349,107.672796,0.490000,0.490102,1.624000,6,10,0.061220,0.020410,1,0.000816,0.122450,0,0,11,1,0.017108,12349,12125,212,33
0.1020,12375,107.923657,0.490000,0.490408,1.500000,6,10,0.061220,0.020410,1,0.000816,0.122450,0,0,9,1,0.011951,12375,12153,212,33
0.1020,12406,108.173182,0.490000,0.490408,1.375000,6,10,0.061220,0.020410,1,0.000816,0.122450,0,0,13,1,0.023299,12406,12179,213,33
0.1020,12426,108.426661,0.490000,0.490408,1.249000,6,10,0.061220,0.020410,1,0.000816,0.122450,0,0,3,1,0.016650,12426,12208,214,33
0.1020,12455,108.672924,0.490000,0.490408,1.124000,6,10,0.061220,0.020410,1,0.000816,0.122450,0,0,6,1,0.019832,12455,12234,214,33
0.1020,12486,108.922709,0.490000,0.490408,1.000000,6,10,0.061220,0.020410,1,0.000816,0.122450,0,0,10,1,0.014270,12486,12261,214,33
0.1020,12512,109.172815,0.490000,0.490102,0.875000,6,10,0.061220,0.020410,1,0.000816,0.122450,0,0,8,1,0.018929,12512,12289,214,33
0.1020,12545,109.423143,0.490000,0.490102,0.750000,6,10,0.061220,0.020410,1,0.000816,0.122450,0,0,13,1,0.013741,12545,12317,214,33
0.1020,12579,109.672750,0.490000,0.490102,0.626000,6,10,0.061220,0.020410,1,0.000816,0.122450,0,0,19,1,0.015528,12579,12344,215,33
0.1020,12605,109.922967,0.500000,0.500100,0.501000,6,10,0.061220,0.020410,1,0.000816,0.122450,0,0,18,1,0.012478,12605,12371,215,33
0.1020,12624,110.172865,0.500000,0.500400,0.376000,6,10,0.061220,0.020410,1,0.000816,0.122450,0,0,9,1,0.022530,12624,12399,215,33
0.1020,12646,110.422760,0.500000,0.500400,0.251000,6,10,0.061220,0.020410,1,0.000816,0.122450,0,0,3,1,0.019815,12646,12427,215,33
0.1020,12678,110.673339,0.500000,0.500100,0.126000,6,10,0.061220,0.020410,1,0.000816,0.122450,0,0,7,1,0.016108,12678,12455,215,33
0.1020,12704,110.923379,0.500000,0.500100,0.001000,6,10,0.061220,0.020410,1,0.000816,0.122450,0,0,5,1,0.016811,12704,12483,215,33
0.1020,12737,111.172831,-0.140000,0.141421,-0.028000,6,10,0.061220,0.020410,1,0.000816,0.122450,0,0,10,1,0.016282,12737,12511,215,33
0.1020,12760,111.423148,0.000000,0.020000,-0.018000,6,10,0.061220,0.020410,1,0.000816,0.122450,0,0,6,1,0.018648,12760,12538,215,33
0.1020,12800,111.672713,0.010000,0.022361,-0.027000,6,10,0.061220,0.020410,1,0.000816,0.122450,0,0,16,1,0.016880,12800,12567,216,33
0.1020,12819,111.922757,0.000000,0.020000,-0.027000,6,10,0.061220,0.020410,1,0.000816,0.122450,0,0,7,1,0.018175,12819,12593,218,33
0.1020,12847,112.172683,0.000000,0.020000,-0.026000,6,10,0.061220,0.020410,1,0.000816,0.122450,0,0,7,1,0.020893,12847,12620,219,33
0.1020,12887,112.423012,0.000000,0.020000,-0.026000,6,10,0.061220,0.020410,1,0.000816,0.122450,0,0,20,1,0.013421,12887,12647,219,33
0.1020,12905,112.673360,0.000000,0.020000,-0.025000,6,10,0.061220,0.020410,1,0.000816,0.122450,0,0,7,1,0.020448,12905,12678,219,33
0.1020,12941,112.922840,0.000000,0.020000,-0.024000,6,10,0.061220,0.020410,1,0.000816,0.122450,0,0,15,1,0.012731,12941,12705,220,33
0.1020,12976,113.172958,0.000000,0.020000,-0.022000,6,10,0.061220,0.020410,1,0.000816,0.122450,0,0,21,1,0.023714,12976,12734,220,33
0.1020,12993,113.423008,0.000000,0.020000,-0.020000,6,10,0.061220,0.020410,1,0.000816,0.122450,0,0,11,1,0.012247,12993,12761,220,33
