28,0.267018,0.000037,0.024200,0.015000,6,10,0.100000,0.050000,1,0.005000,2.000000,0,0,0,1,0.000000,28,27,0,0
55,0.446812,0.000143,0.023943,0.015000,6,10,0.100000,0.050000,1,0.005000,2.000000,0,0,0,1,0.000000,55,54,0,0
83,0.764434,0.000167,0.023914,0.015000,6,10,0.100000,0.050000,1,0.005000,2.000000,0,0,0,1,0.000000,83,82,0,0
110,1.010911,0.000169,0.024037,0.015000,6,10,0.100000,0.050000,1,0.005000,2.000000,0,0,0,1,0.000000,110,109,0,0
137,1.262953,0.000121,0.024249,0.015000,6,10,0.100000,0.050000,1,0.005000,2.000000,0,0,0,1,0.000000,137,136,0,0
164,1.445838,0.000150,0.023992,0.015000,6,10,0.100000,0.050000,1,0.005000,2.000000,0,0,0,1,0.000000,164,163,0,0
192,1.764591,0.000151,0.023963,0.015000,6,10,0.100000,0.050000,1,0.005000,2.000000,0,0,0,1,0.000000,192,191,0,0
219,2.017045,0.000144,0.024121,0.015000,6,10,0.100000,0.050000,1,0.005000,2.000000,0,0,0,1,0.000000,219,218,0,0
246,2.267379,0.000133,0.024141,0.015000,6,10,0.100000,0.050000,1,0.005000,2.000000,0,0,0,1,0.000000,246,245,0,0
273,2.445869,0.000116,0.023971,0.015000,6,10,0.100000,0.050000,1,0.005000,2.000000,0,0,0,1,0.000000,273,272,0,0
301,2.763023,0.000103,0.023922,0.015000,6,10,0.100000,0.050000,1,0.005000,2.000000,0,0,0,1,0.000000,301,300,0,0
328,2.892399,0.000048,0.024037,0.015000,6,10,0.100000,0.050000,1,0.005000,2.000000,0,0,0,1,0.000000,328,327,0,0
356,3.261329,0.000020,0.024286,0.015000,6,10,0.100000,0.050000,1,0.005000,2.000000,0,0,0,1,0.000000,356,355,0,0
383,3.443284,0.000118,0.024147,0.015000,6,10,0.100000,0.050000,1,0.005000,2.000000,0,0,0,1,0.000000,383,382,0,0
429,3.650570,0.000000,0.020000,0.015000,6,10,0.100000,0.050000,1,0.005000,2.000000,0,0,0,1,0.000000,429,428,0,11
454,3.805895,0.000192,0.024352,0.015000,6,10,0.100000,0.050000,1,0.005000,2.000000,0,0,0,1,0.000000,454,453,0,11
485,4.248799,0.000000,0.020000,0.015000,6,10,0.100000,0.050000,1,0.005000,2.000000,0,0,0,1,0.000000,485,484,0,11
512,4.447280,0.000318,0.024025,0.015000,6,10,0.100000,0.050000,1,0.005000,2.000000,0,0,0,1,0.000000,512,511,0,11
541,4.650328,0.000000,0.020000,0.015000,6,10,0.100000,0.050000,1,0.005000,2.000000,0,0,0,1,0.000000,541,540,0,11
568,4.850839,0.000000,0.020000,0.015000,6,10,0.100000,0.050000,1,0.005000,2.000000,0,0,0,1,0.000000,568,567,0,11
597,5.251959,0.000000,0.020000,0.015000,6,10,0.100000,0.050000,1,0.005000,2.000000,0,0,0,1,0.000000,597,596,0,11
624,5.445580,0.000136,0.024084,0.015000,6,10,0.100000,0.050000,1,0.005000,2.000000,0,0,0,1,0.000000,624,623,0,11
652,5.647356,0.000000,0.020000,0.015000,6,10,0.100000,0.050000,1,0.005000,2.000000,0,0,0,1,0.000000,652,651,0,11
679,5.850543,0.000000,0.020000,0.015000,6,10,0.100000,0.050000,1,0.005000,2.000000,0,0,0,1,0.000000,679,678,0,11
708,6.254385,0.000000,0.020000,0.015000,6,10,0.100000,0.050000,1,0.005000,2.000000,0,0,0,1,0.000000,708,707,0,11
735,6.448840,-0.000021,0.023981,0.015000,6,10,0.100000,0.050000,1,0.005000,2.000000,0,0,0,1,0.000000,735,734,0,12
771,6.652399,0.000000,0.020000,0.005000,6,10,0.100000,0.050000,1,0.005000,2.000000,0,0,0,1,0.000000,771,770,0,15
798,6.853946,0.000000,0.020000,0.005000,6,10,0.100000,0.050000,1,0.005000,2.000000,0,0,0,1,0.000000,798,797,0,15
827,7.250543,0.000000,0.020000,0.005000,6,10,0.100000,0.050000,1,0.005000,2.000000,0,0,0,1,0.000000,827,826,0,15
854,7.447517,-0.000143,0.023680,0.005000,6,10,0.100000,0.050000,1,0.005000,2.000000,0,0,0,1,0.000000,854,853,0,15
882,7.649982,0.000000,0.020000,0.005000,6,10,0.100000,0.050000,1,0.005000,2.000000,0,0,0,1,0.000000,882,881,0,15
909,7.851208,0.000000,0.020000,0.005000,6,10,0.100000,0.050000,1,0.005000,2.000000,0,0,0,1,0.000000,909,908,0,15
938,8.249159,0.000000,0.020000,0.005000,6,10,0.100000,0.050000,1,0.005000,2.000000,0,0,0,1,0.000000,938,937,0,15
965,8.445016,0.000001,0.022384,0.005000,6,10,0.100000,0.050000,1,0.005000,2.000000,0,0,0,1,0.000000,965,964,0,15
994,8.654595,0.000000,0.020000,0.005000,6,10,0.100000,0.050000,1,0.005000,2.000000,0,0,0,1,0.000000,994,993,0,17
1021,8.849524,0.000000,0.020000,0.005000,6,10,0.100000,0.050000,1,0.005000,2.000000,0,0,0,1,0.000000,1021,1020,0,17
1050,9.250718,0.000000,0.020000,0.005000,6,10,0.100000,0.050000,1,0.005000,2.000000,0,0,0,1,0.000000,1050,1049,0,17
1077,9.445815,-0.000013,0.020533,0.005000,6,10,0.100000,0.050000,1,0.005000,2.000000,0,0,0,1,0.000000,1077,1076,0,17
1105,9.648342,0.000000,0.010000,0.005000,6,10,0.100000,0.050000,1,0.005000,2.000000,0,0,0,1,0.000000,1105,1104,0,17
1132,9.849323,-0.070000,0.070711,0.009000,6,10,0.100000,0.050000,1,0.005000,2.000000,0,0,0,1,0.000000,1132,1131,0,17
1161,10.255415,-0.290000,0.290172,0.083000,6,10,0.100000,0.050000,1,0.005000,2.000000,0,0,0,1,0.000000,1161,1160,0,17
1188,10.445842,-0.290991,0.291682,0.083000,6,10,0.100000,0.050000,1,0.005000,2.000000,0,0,0,1,0.000000,1188,1187,0,17
1216,10.652308,-1.240000,1.240040,0.369000,6,10,0.100000,0.050000,1,0.005000,2.000000,0,0,0,1,0.000000,1216,1215,0,17
1243,10.850845,-1.160000,1.160000,0.601000,6,10,0.100000,0.050000,1,0.005000,2.000000,0,0,0,1,0.000000,1243,1242,0,17
1272,11.253834,-1.430000,1.430000,1.108000,6,10,0.100000,0.050000,1,0.005000,2.000000,0,0,0,1,0.000000,1272,1271,0,17
1299,11.449866,-1.438952,1.438965,1.108000,6,10,0.100000,0.050000,1,0.005000,2.000000,0,0,0,1,0.000000,1299,1298,0,17
1327,11.651130,-1.830000,1.830000,1.770000,6,10,0.100000,0.050000,1,0.005000,2.000000,0,0,0,1,0.000000,1327,1326,0,17
1354,11.849366,-2.040000,2.040025,2.165000,6,10,0.100000,0.050000,1,0.005000,2.000000,0,0,0,1,0.000000,1354,1353,0,17
1383,12.136486,-2.247813,2.247900,2.601000,6,10,0.100000,0.050000,1,0.005000,2.000000,0,0,0,1,0.000000,1383,1382,0,17
1412,12.448624,-2.422685,2.422814,3.084000,6,10,0.100000,0.050000,1,0.005000,2.000000,0,0,0,1,0.000000,1412,1411,0,17
1440,12.654757,-2.530000,2.530079,4.097000,6,10,0.100000,0.050000,1,0.005000,2.000000,0,0,0,1,0.000000,1440,1439,0,17
1467,12.851700,-2.520000,2.520079,4.610000,6,10,0.100000,0.050000,1,0.005000,2.000000,0,0,0,1,0.000000,1467,1466,0,17
1496,13.253461,-2.480000,2.480081,5.624000,6,10,0.100000,0.050000,1,0.005000,2.000000,0,0,0,1,0.000000,1496,1495,0,17
1523,13.449475,-2.487463,2.487612,5.624000,6,10,0.100000,0.050000,1,0.005000,2.000000,0,0,0,1,0.000000,1523,1522,0,17
1551,13.652250,-2.450000,2.450082,6.621000,6,10,0.100000,0.050000,1,0.005000,2.000000,0,0,0,1,0.000000,1551,1550,0,17
1578,13.851340,-2.370000,2.370084,7.106000,6,10,0.100000,0.050000,1,0.005000,2.000000,0,0,0,1,0.000000,1578,1577,0,17
1607,14.248198,-2.040000,2.040098,8.000000,6,10,0.100000,0.050000,1,0.005000,2.000000,0,0,0,1,0.000000,1607,1606,0,17
1634,14.448867,-2.042629,2.042736,8.000000,6,10,0.100000,0.050000,1,0.005000,2.000000,0,0,0,1,0.000000,1634,1633,0,17
1663,14.770048,-1.833541,1.833655,8.393000,6,10,0.100000,0.050000,1,0.005000,2.000000,0,0,0,1,0.000000,1663,1662,0,17
1689,15.018332,-1.490000,1.490134,8.919000,6,10,0.100000,0.050000,1,0.005000,2.000000,0,0,0,1,0.000000,1689,1688,0,17
1716,15.266943,-1.233340,1.233547,9.259000,6,10,0.100000,0.050000,1,0.005000,2.000000,0,0,0,1,0.000000,1716,1715,0,17
1743,15.451532,-0.976845,0.977144,9.534000,6,10,0.100000,0.050000,1,0.005000,2.000000,0,0,0,1,0.000000,1743,1742,0,17
1771,15.767280,-0.728042,0.728468,9.744000,6,10,0.100000,0.050000,1,0.005000,2.000000,0,0,0,1,0.000000,1771,1770,0,17
1798,16.014005,-0.482390,0.483035,9.893000,6,10,0.100000,0.050000,1,0.005000,2.000000,0,0,0,1,0.000000,1798,1797,0,17
1825,16.265830,-0.239374,0.240633,9.979000,6,10,0.100000,0.050000,1,0.005000,2.000000,0,0,0,1,0.000000,1825,1824,0,17
1852,16.445973,-0.030880,0.038967,10.007000,6,10,0.100000,0.050000,1,0.005000,2.000000,0,0,0,1,0.000000,1852,1851,0,17
1880,16.767555,0.048597,0.053937,9.998000,6,10,0.100000,0.050000,1,0.005000,2.000000,0,0,0,1,0.000000,1880,1879,0,17
1907,17.016299,0.051400,0.056411,9.979000,6,10,0.100000,0.050000,1,0.005000,2.000000,0,0,0,1,0.000000,1907,1906,0,17
1934,17.267395,0.024829,0.034175,9.963000,6,10,0.100000,0.050000,1,0.005000,2.000000,0,0,0,1,0.000000,1934,1933,0,17
1961,17.446662,-0.005297,0.023879,9.954000,6,10,0.100000,0.050000,1,0.005000,2.000000,0,0,0,1,0.000000,1961,1960,0,19
1990,17.688572,-0.020000,0.096437,9.951000,6,10,0.100000,0.050000,1,0.005000,2.000000,0,0,0,1,0.000000,1990,1989,0,19
2018,17.891300,-0.020000,0.372559,9.951000,6,10,0.100000,0.050000,1,0.005000,2.000000,0,0,0,1,0.000000,2018,2017,0,19
2046,18.090866,-0.020000,0.868562,9.951000,6,10,0.100000,0.050000,1,0.005000,2.000000,0,0,0,1,0.000000,2046,2045,0,19
2076,18.448929,-0.024684,1.522135,9.952000,6,10,0.100000,0.050000,1,0.005000,2.000000,0,0,0,1,0.000000,2076,2075,0,19
2105,18.689816,-0.030000,2.817055,9.958000,6,10,0.100000,0.050000,1,0.005000,2.000000,0,0,0,1,0.000000,2105,2104,0,19
2133,18.892142,-0.030000,3.364952,9.963000,6,10,0.100000,0.050000,1,0.005000,2.000000,0,0,0,1,0.000000,2133,2132,0,19
2161,19.091087,-0.030000,3.856605,9.968000,6,10,0.100000,0.050000,1,0.005000,2.000000,0,0,0,1,0.000000,2161,2160,0,19
2191,19.449798,-0.026182,4.311698,9.972000,6,10,0.100000,0.050000,1,0.005000,2.000000,0,0,0,1,0.000000,2191,2190,0,19
2213,19.558405,-0.021306,4.743019,9.975000,6,10,0.100000,0.050000,1,0.005000,2.000000,0,0,0,1,0.000000,2213,2212,0,19
2248,19.888038,-0.010000,5.608404,9.980000,6,10,0.100000,0.050000,1,0.005000,2.000000,0,0,0,1,0.000000,2248,2247,0,19
2276,20.091035,-0.010000,6.048851,9.982000,6,10,0.100000,0.050000,1,0.005000,2.000000,0,0,0,1,0.000000,2276,2275,0,19
2306,20.450559,-0.008931,6.524176,9.984000,6,10,0.100000,0.050000,1,0.005000,2.000000,0,0,0,1,0.000000,2306,2305,0,19
2335,20.691610,-0.010000,7.413838,9.987000,6,10,0.100000,0.050000,1,0.005000,2.000000,0,0,0,1,0.000000,2335,2334,0,19
2363,20.887454,-0.020000,7.754386,9.990000,6,10,0.100000,0.050000,1,0.005000,2.000000,0,0,0,1,0.000000,2363,2362,0,19
2391,21.091287,-0.030000,7.910613,9.995000,6,10,0.100000,0.050000,1,0.005000,2.000000,0,0,0,1,0.000000,2391,2390,0,19
2421,21.449928,-0.032525,7.850168,10.001000,6,10,0.100000,0.050000,1,0.005000,2.000000,0,0,0,1,0.000000,2421,2420,0,19
2450,21.687643,0.000000,7.085937,10.008000,6,10,0.100000,0.050000,1,0.005000,2.000000,0,0,0,1,0.000000,2450,2449,0,19
2478,21.892215,0.020000,6.523787,10.005000,6,10,0.100000,0.050000,1,0.005000,2.000000,0,0,0,1,0.000248,2478,2477,0,19
2506,22.090630,0.020000,5.969355,10.000000,6,10,0.100000,0.050000,1,0.005000,2.000000,0,0,0,1,0.000968,2506,2505,0,19
2536,22.451200,0.023215,5.474349,9.994000,6,10,0.100000,0.050000,1,0.005000,2.000000,0,0,0,1,0.001125,2536,2535,0,19
2565,22.689135,0.000000,4.562127,9.989000,6,10,0.100000,0.050000,1,0.005000,2.000000,0,0,0,1,0.001941,2565,2564,0,19
2593,22.891677,0.000000,4.121674,9.990000,6,10,0.100000,0.050000,1,0.005000,2.000000,0,0,0,1,0.004849,2593,2592,0,19
2606,23.056957,-0.000979,4.125614,9.990000,6,10,0.100000,0.050000,1,0.005000,2.000000,0,0,0,1,0.001991,2606,2605,0,19
2651,23.447362,-0.005107,3.186769,9.993000,6,10,0.100000,0.050000,1,0.005000,2.000000,0,0,0,1,0.006427,2651,2650,0,20
2680,23.690803,0.000000,2.152324,9.998000,6,10,0.100000,0.050000,1,0.005000,2.000000,0,0,0,1,0.006878,2680,2679,0,20
2708,23.894868,0.000000,1.597905,10.000000,6,10,0.100000,0.050000,1,0.005000,2.000000,0,0,0,1,0.004226,2708,2707,0,20
2736,24.089327,0.000000,1.035857,10.002000,6,10,0.100000,0.050000,1,0.005000,2.000000,0,0,0,1,0.006391,2736,2734,1,20
2766,24.448828,-0.002073,0.485794,10.004000,6,10,0.100000,0.050000,1,0.005000,2.000000,0,0,0,0,0.000000,2766,2764,1,20
2796,24.689237,0.000000,0.222036,10.007000,6,10,0.100000,0.050000,1,0.005000,2.000000,0,0,0,1,0.010145,2796,2793,2,20
2824,24.890979,0.000000,0.286007,10.008000,6,10,0.100000,0.050000,1,0.005000,2.000000,0,0,0,1,0.006913,2824,2821,2,20
2852,25.091509,0.000000,0.258070,10.008000,6,10,0.100000,0.050000,1,0.005000,2.000000,0,0,0,1,0.007372,2852,2849,2,20
2882,25.448173,0.010412,0.198351,10.007000,6,10,0.100000,0.050000,1,0.005000,2.000000,0,0,0,1,0.007795,2882,2879,2,20
2911,25.692730,0.000000,0.072111,10.004000,6,10,0.100000,0.050000,1,0.005000,2.000000,0,0,0,1,0.006232,2911,2907,3,20
2939,25.887947,0.000000,0.031623,10.003000,6,10,0.100000,0.050000,1,0.005000,2.000000,0,0,0,1,0.005744,2939,2935,3,22
2967,26.088321,0.000000,0.064031,10.003000,6,10,0.100000,0.050000,1,0.005000,2.000000,0,0,0,1,0.008206,2967,2963,3,22
2997,26.448728,0.008291,0.348142,10.002000,6,10,0.100000,0.050000,1,0.005000,2.000000,0,0,0,1,0.006765,2997,2993,3,22
3026,26.692797,0.000000,1.463489,10.001000,6,10,0.100000,0.050000,1,0.005000,2.000000,0,0,0,1,0.009214,3026,3022,3,22
3054,26.888449,0.000000,2.096020,10.002000,6,10,0.100000,0.050000,1,0.005000,2.000000,0,0,0,1,0.010890,3054,3050,3,22
3080,27.054700,-0.001036,2.108211,10.002000,6,10,0.100000,0.050000,1,0.005000,2.000000,0,0,7,1,0.006312,3080,3068,4,22
3111,27.305276,-0.005564,3.244916,10.005000,6,10,0.100000,0.050000,1,0.005000,2.000000,0,0,10,1,0.005723,3111,3096,4,22
3141,27.690198,0.000000,4.177966,10.007000,6,10,0.100000,0.050000,1,0.005000,2.000000,0,0,0,1,0.008640,3141,3136,4,22
3162,27.804956,-0.000461,4.180596,10.007000,6,10,0.100000,0.050000,1,0.005000,2.000000,0,0,5,1,0.012695,3162,3152,4,22
3184,28.056514,0.002209,4.616722,10.007000,6,10,0.100000,0.050000,1,0.005000,2.000000,0,0,0,1,0.015467,3184,3179,4,22
3215,28.309356,0.004281,5.054545,10.007000,6,10,0.100000,0.050000,1,0.005000,2.000000,0,0,1,1,0.016968,3215,3209,4,22
3256,28.691509,0.000000,6.414741,10.003000,6,10,0.100000,0.050000,1,0.005000,2.000000,0,0,0,1,0.008513,3256,3251,4,22
3284,28.891758,0.000000,6.883349,10.001000,6,10,0.100000,0.050000,1,0.005000,2.000000,0,0,0,1,0.016730,3284,3278,5,22
3312,29.092121,0.000000,7.323804,10.000000,6,10,0.100000,0.050000,1,0.005000,2.000000,0,0,0,1,0.020115,3312,3305,6,22
3342,29.452932,-0.009938,7.679569,10.000000,6,10,0.100000,0.050000,1,0.005000,2.000000,0,0,0,1,0.014733,3342,3333,8,22
3371,29.770193,-0.022021,7.843330,10.002000,6,10,0.100000,0.050000,1,0.005000,2.000000,0,0,0,1,0.014209,3371,3360,10,22
3398,30.022967,-0.020000,7.686182,10.007000,6,10,0.100000,0.050000,1,0.005000,2.000000,0,0,0,1,0.011537,3398,3386,11,22
3421,30.057224,-0.002682,7.208381,10.009000,6,10,0.100000,0.050000,1,0.005000,2.000000,1,0,11,0,0.000000,3421,3395,14,22
3454,30.448960,0.023215,6.524474,10.005000,6,10,0.100000,0.050000,1,0.005000,2.000000,1,0,0,0,0.000000,3454,3406,47,22
3483,30.770001,0.028720,5.838181,9.996000,6,10,0.100000,0.050000,1,0.005000,2.000000,0,0,0,1,0.024706,3483,3421,61,22
3511,31.021147,0.018419,5.228773,9.989000,6,10,0.100000,0.050000,1,0.005000,2.000000,0,0,0,1,0.030643,3511,3447,63,22
3536,31.055033,0.004731,4.668708,9.985000,6,10,0.100000,0.050000,1,0.005000,2.000000,0,0,17,1,0.030290,3536,3454,64,22
3567,31.449398,-0.004649,4.128496,9.985000,6,10,0.100000,0.050000,1,0.005000,2.000000,0,0,0,1,0.037400,3567,3501,65,22
3596,31.773467,-0.009026,3.565674,9.987000,6,10,0.100000,0.050000,1,0.005000,2.000000,0,0,0,1,0.036002,3596,3530,65,22
3624,32.021753,-0.010479,2.965262,9.989000,6,10,0.100000,0.050000,1,0.005000,2.000000,0,0,0,1,0.028296,3624,3556,67,23
3652,32.266889,-0.010523,2.321282,9.992000,6,10,0.100000,0.050000,1,0.005000,2.000000,0,0,0,1,0.013733,3652,3584,67,23
3680,32.452070,-0.009584,1.646273,9.996000,6,10,0.100000,0.050000,1,0.005000,2.000000,0,0,0,1,0.019842,3680,3612,67,23
3709,32.772494,-0.007402,0.946453,9.999000,6,10,0.100000,0.050000,1,0.005000,2.000000,0,0,0,1,0.019099,3709,3638,70,23
3737,32.898962,-0.007085,0.261427,10.002000,6,10,0.100000,0.050000,1,0.005000,2.000000,0,0,0,1,0.013463,3737,3665,71,23
3769,33.270248,-0.007007,0.202600,10.005000,6,10,0.100000,0.050000,1,0.005000,2.000000,0,0,0,1,0.020442,3769,3697,71,23
3797,33.455712,0.000876,0.333133,10.006000,6,10,0.100000,0.050000,1,0.005000,2.000000,0,0,0,1,0.028690,3797,3725,71,23
3826,33.773715,0.007625,0.289710,10.006000,6,10,0.100000,0.050000,1,0.005000,2.000000,0,0,0,1,0.023391,3826,3754,71,23
3854,34.024257,0.008325,0.204109,10.004000,6,10,0.100000,0.050000,1,0.005000,2.000000,0,0,0,1,0.037344,3854,3781,72,23
3882,34.270038,0.006918,0.123999,10.002000,6,10,0.100000,0.050000,1,0.005000,2.000000,0,0,0,1,0.031250,3882,3808,73,23
3910,34.451436,0.004756,0.071009,10.001000,6,10,0.100000,0.050000,1,0.005000,2.000000,0,0,0,1,0.028783,3910,3836,73,25
3940,34.709044,0.000000,0.100000,9.999000,6,10,0.100000,0.050000,1,0.005000,2.000000,0,0,0,1,0.032298,3940,3866,73,25
3968,34.912418,0.000000,0.361248,9.998000,6,10,0.100000,0.050000,1,0.005000,2.000000,0,0,0,1,0.019077,3968,3894,73,25
3996,35.109430,0.000000,0.850412,9.997000,6,10,0.100000,0.050000,1,0.005000,2.000000,0,0,0,1,0.035094,3996,3922,73,25
4024,35.310807,0.000000,1.486607,9.996000,6,10,0.100000,0.050000,1,0.005000,2.000000,0,0,18,1,0.032770,4024,3931,74,25
4055,35.713741,0.000000,2.767400,9.997000,6,10,0.100000,0.050000,1,0.005000,2.000000,0,0,0,1,0.018102,4055,3977,77,25
4083,35.917118,-0.010000,3.313623,9.999000,6,10,0.100000,0.050000,1,0.005000,2.000000,0,0,0,1,0.031261,4083,4004,78,25
4110,36.054705,-0.011509,3.318254,9.999000,6,10,0.100000,0.050000,1,0.005000,2.000000,0,0,21,1,0.031700,4110,4010,78,25
4139,36.314562,0.000000,4.247505,10.001000,6,10,0.100000,0.050000,1,0.005000,2.000000,0,0,17,1,0.018844,4139,4042,79,25
4170,36.713496,0.000000,5.097156,10.000000,6,10,0.100000,0.050000,1,0.005000,2.000000,0,0,0,1,0.036135,4170,4085,84,25
4198,36.910805,0.000000,5.531193,9.999000,6,10,0.100000,0.050000,1,0.005000,2.000000,0,0,0,0,0.000000,4198,4113,84,25
4226,37.114362,0.000000,5.987028,9.997000,6,10,0.100000,0.050000,1,0.005000,2.000000,0,0,0,1,0.058986,4226,4137,88,25
4252,37.304970,0.000405,5.992552,9.997000,6,10,0.100000,0.050000,1,0.005000,2.000000,0,0,23,1,0.046703,4252,4139,89,25
4285,37.714317,0.000000,7.353319,9.992000,6,10,0.100000,0.050000,1,0.005000,2.000000,1,0,0,0,0.000000,4285,4189,95,25
4313,37.911036,-0.010000,7.701604,9.992000,6,10,0.100000,0.050000,1,0.005000,2.000000,1,0,0,0,0.000000,4313,4189,123,25
4341,38.111955,-0.020000,7.857824,9.994000,6,10,0.100000,0.050000,1,0.005000,2.000000,1,0,0,0,0.000000,4341,4189,151,25
4369,38.310894,-0.030000,7.793831,9.997000,6,10,0.100000,0.050000,1,0.005000,2.000000,1,0,0,0,0.000000,4369,4189,179,25
4400,38.617328,-0.023390,7.521558,10.000000,6,10,0.100000,0.050000,1,0.005000,2.000000,0,0,6,0,0.000000,4400,4191,202,26
4430,38.912261,0.010000,6.478773,9.996000,6,10,0.100000,0.050000,1,0.005000,2.000000,0,0,0,1,0.042086,4430,4224,205,26
4458,39.109406,0.020000,5.924373,9.990000,6,10,0.100000,0.050000,1,0.005000,2.000000,0,0,10,1,0.041901,4458,4237,210,26
4486,39.313750,0.010000,5.419871,9.984000,6,10,0.100000,0.050000,1,0.005000,2.000000,0,0,22,1,0.058656,4486,4249,214,26
4517,39.710980,0.000000,4.509468,9.978000,6,10,0.100000,0.050000,1,0.005000,2.000000,0,0,0,1,0.069244,4517,4300,216,26
4545,39.911630,-0.010000,4.069029,9.979000,6,10,0.100000,0.050000,1,0.005000,2.000000,0,0,0,1,0.052436,4545,4325,219,26
4573,40.114983,-0.010000,3.620898,9.981000,6,10,0.100000,0.050000,1,0.005000,2.000000,0,0,13,0,0.000000,4573,4338,221,26
4600,40.304844,-0.015199,3.628031,9.981000,6,10,0.100000,0.050000,1,0.005000,2.000000,1,0,3,0,0.000000,4600,4351,245,26
4632,40.713398,-0.010000,2.128121,9.990000,6,10,0.100000,0.050000,1,0.005000,2.000000,1,0,0,0,0.000000,4632,4354,277,26
4660,40.913057,-0.010000,1.594553,9.993000,6,10,0.100000,0.050000,1,0.005000,2.000000,1,0,0,0,0.000000,4660,4354,305,26
4680,41.054773,-0.012779,1.598310,9.993000,6,10,0.100000,0.050000,1,0.005000,2.000000,1,0,0,0,0.000000,4680,4354,325,26
4718,41.309550,0.000000,0.473814,9.998000,6,10,0.100000,0.050000,1,0.005000,2.000000,1,0,0,0,0.000000,4718,4354,363,27
4749,41.714766,0.000000,0.254951,10.002000,6,10,0.100000,0.050000,1,0.005000,2.000000,1,0,0,0,0.000000,4749,4354,394,27
4777,41.915201,0.000000,0.308869,10.002000,6,10,0.100000,0.050000,1,0.005000,2.000000,0,0,0,0,0.000000,4777,4354,422,27
4805,42.116005,0.000000,0.272947,10.002000,6,10,0.100000,0.050000,1,0.005000,2.000000,0,0,8,1,0.046007,4805,4369,427,27
4833,42.314180,0.000000,0.210238,10.000000,6,10,0.100000,0.050000,1,0.005000,2.000000,0,0,26,0,0.000000,4833,4379,427,28
4864,42.714374,0.000000,0.080623,9.998000,6,10,0.100000,0.050000,1,0.005000,2.000000,0,0,0,1,0.044293,4864,4431,432,28
4892,42.914282,0.000000,0.050000,9.997000,6,10,0.100000,0.050000,1,0.005000,2.000000,0,0,0,1,0.061015,4892,4457,434,28
4920,43.114180,0.000000,0.031623,9.996000,6,10,0.100000,0.050000,1,0.005000,2.000000,0,0,8,1,0.102440,4920,4475,436,28
4948,43.313992,0.000000,0.022361,9.996000,6,10,0.100000,0.050000,1,0.005000,2.000000,0,0,23,1,0.050204,4948,4485,439,28
4979,43.714655,0.000000,0.041231,9.995000,6,10,0.100000,0.050000,1,0.005000,2.000000,1,0,0,0,0.000000,4979,4527,451,28
5007,43.915604,0.000000,0.058310,9.995000,6,10,0.100000,0.050000,1,0.005000,2.000000,1,0,0,0,0.000000,5007,4527,479,28
5035,44.116950,0.000000,0.078102,9.994000,6,10,0.100000,0.050000,1,0.005000,2.000000,1,0,0,0,0.000000,5035,4527,507,28
5063,44.315348,0.000000,0.092195,9.994000,6,10,0.100000,0.050000,1,0.005000,2.000000,1,0,0,0,0.000000,5063,4527,535,28
5093,44.554994,-0.004638,0.104621,9.994000,6,10,0.100000,0.050000,1,0.005000,2.000000,1,0,0,0,0.000000,5093,4527,565,28
5124,45.023097,0.000000,0.098995,9.994000,6,10,0.100000,0.050000,1,0.005000,2.000000,1,0,0,0,0.000000,5124,4527,596,29
5152,45.272938,-0.004438,0.098601,9.995000,6,10,0.100000,0.050000,1,0.005000,2.000000,0,0,0,1,0.093341,5152,4527,624,29
5178,45.304720,-0.004266,0.087771,9.995000,6,10,0.100000,0.050000,1,0.005000,2.000000,0,0,23,1,0.059628,5178,4527,627,29
5209,45.773668,-0.004176,0.074450,9.995000,6,10,0.100000,0.050000,1,0.005000,2.000000,0,0,0,1,0.044572,5209,4579,629,29
5237,46.023015,-0.003652,0.061146,9.996000,6,10,0.100000,0.050000,1,0.005000,2.000000,0,0,0,1,0.102533,5237,4604,632,29
5265,46.276855,-0.002891,0.050702,9.997000,6,10,0.100000,0.050000,1,0.005000,2.000000,0,0,0,1,0.065479,5265,4632,632,29
5288,46.304910,-0.002387,0.043366,9.997000,6,10,0.100000,0.050000,1,0.005000,2.000000,0,0,21,1,0.085888,5288,4632,634,29
5322,46.771427,-0.001907,0.039212,9.998000,6,10,0.100000,0.050000,1,0.005000,2.000000,0,0,0,1,0.043779,5322,4683,638,31
5348,46.811660,0.000000,0.030000,9.998000,6,10,0.100000,0.050000,1,0.005000,2.000000,0,0,26,1,0.098942,5348,4683,638,31
5378,47.215245,0.000000,0.366197,9.996000,6,10,0.100000,0.050000,1,0.005000,2.000000,0,0,0,1,0.085897,5378,4737,640,31
5406,47.414183,0.000000,0.892020,9.995000,6,10,0.100000,0.050000,1,0.005000,2.000000,0,0,0,1,0.056680,5406,4761,644,31
5435,47.615540,0.000000,1.546254,9.993000,6,10,0.100000,0.050000,1,0.005000,2.000000,0,0,10,1,0.054415,5435,4779,645,31
5462,47.804811,-0.000776,1.553306,9.993000,6,10,0.100000,0.050000,1,0.005000,2.000000,0,0,24,0,0.000000,5462,4791,646,31
5490,48.054516,-0.012826,2.829247,9.995000,6,10,0.100000,0.050000,1,0.005000,2.000000,0,0,25,1,0.102019,5490,4817,647,31
5521,48.413915,-0.010000,3.862201,9.998000,6,10,0.100000,0.050000,1,0.005000,2.000000,0,0,0,1,0.066816,5521,4871,649,31
5550,48.614356,0.000000,4.310406,9.999000,6,10,0.100000,0.050000,1,0.005000,2.000000,0,0,12,1,0.097247,5550,4882,655,31
5578,48.816002,0.000000,4.743048,9.999000,6,10,0.100000,0.050000,1,0.005000,2.000000,0,0,25,1,0.096101,5578,4896,656,31
5608,49.215730,0.000000,5.611355,9.997000,6,10,0.100000,0.050000,1,0.005000,2.000000,0,0,0,0,0.000000,5608,4949,658,31
5636,49.411871,0.000000,6.051785,9.996000,6,10,0.100000,0.050000,1,0.005000,2.000000,1,0,0,0,0.000000,5636,4949,686,31
5665,49.613218,0.000000,6.514062,9.995000,6,10,0.100000,0.050000,1,0.005000,2.000000,1,0,0,0,0.000000,5665,4949,715,31
5693,49.813402,0.000000,6.976339,9.994000,6,10,0.100000,0.050000,1,0.005000,2.000000,1,0,0,0,0.000000,5693,4949,743,31
5718,50.054483,-0.007292,7.420417,9.993000,6,10,0.100000,0.050000,1,0.005000,2.000000,1,0,0,0,0.000000,5718,4949,768,31
5751,50.305263,-0.018211,7.746789,9.993000,6,10,0.100000,0.050000,1,0.005000,2.000000,1,0,0,0,0.000000,5751,4949,801,32
5780,50.555545,-0.029426,7.882338,9.996000,6,10,0.100000,0.050000,1,0.005000,2.000000,0,0,22,1,0.063175,5780,4949,808,32
5809,50.805150,-0.031470,7.791703,10.000000,6,10,0.100000,0.050000,1,0.005000,2.000000,0,0,23,1,0.038746,5809,4976,809,32
5840,51.212229,0.020000,6.414156,9.999000,6,10,0.100000,0.050000,1,0.005000,2.000000,0,0,0,1,0.033455,5840,5027,812,32
5866,51.305581,0.021035,6.426129,9.999000,6,10,0.100000,0.050000,1,0.005000,2.000000,0,0,22,1,0.033375,5866,5030,813,32
5894,51.555470,0.024029,5.882624,9.992000,6,10,0.100000,0.050000,1,0.005000,2.000000,0,0,19,1,0.027804,5894,5060,814,32
5922,51.805375,0.017014,5.389469,9.986000,6,10,0.100000,0.050000,1,0.005000,2.000000,0,0,18,1,0.016216,5922,5088,815,32
5953,52.054688,-0.002861,4.503196,9.981000,6,10,0.100000,0.050000,1,0.005000,2.000000,1,0,0,0,0.000000,5953,5107,845,32
5983,52.414909,-0.010000,3.604580,9.982000,6,10,0.100000,0.050000,1,0.005000,2.000000,0,0,0,0,0.000000,5983,5107,875,32
6012,52.616247,-0.010000,3.128242,9.984000,6,10,0.100000,0.050000,1,0.005000,2.000000,0,0,0,1,0.023108,6012,5135,876,32
6039,52.804600,-0.014012,3.138451,9.984000,6,10,0.100000,0.050000,1,0.005000,2.000000,0,0,15,1,0.012409,6039,5147,876,33
6070,53.215552,-0.010000,1.541623,9.992000,6,10,0.100000,0.050000,1,0.005000,2.000000,0,0,0,1,0.008085,6070,5191,878,33
6098,53.416181,-0.010000,0.987218,9.994000,6,10,0.100000,0.050000,1,0.005000,2.000000,0,0,0,1,0.013255,6098,5219,878,33
6127,53.613805,-0.010000,0.425323,9.996000,6,10,0.100000,0.050000,1,0.005000,2.000000,0,0,0,1,0.017286,6127,5248,878,33
6155,53.815359,-0.010000,0.031623,9.998000,6,10,0.100000,0.050000,1,0.005000,2.000000,0,0,1,1,0.016662,6155,5275,878,33
6181,54.054762,-0.009424,0.281672,10.000000,6,10,0.100000,0.050000,1,0.005000,2.000000,0,0,12,1,0.015798,6181,5289,879,33
6213,54.417091,0.000000,0.280179,10.000000,6,10,0.100000,0.050000,1,0.005000,2.000000,0,0,0,1,0.007866,6213,5332,880,33
6243,54.613595,0.000000,0.202485,9.999000,6,10,0.100000,0.050000,1,0.005000,2.000000,0,0,0,1,0.012126,6243,5362,880,33
6271,54.816395,0.000000,0.130384,9.998000,6,10,0.100000,0.050000,1,0.005000,2.000000,0,0,1,1,0.009577,6271,5387,882,33
6301,55.213177,0.000000,0.030000,9.995000,6,10,0.100000,0.050000,1,0.005000,2.000000,0,0,0,1,0.015332,6301,5418,882,33
6329,55.413822,0.000000,0.010000,9.994000,6,10,0.100000,0.050000,1,0.005000,2.000000,0,0,0,1,0.007306,6329,5445,883,35
6358,55.614364,0.000000,0.072111,9.993000,6,10,0.100000,0.050000,1,0.005000,2.000000,0,0,0,1,0.019572,6358,5474,883,35
6386,55.813080,0.000000,0.333017,9.993000,6,10,0.100000,0.050000,1,0.005000,2.000000,0,0,5,1,0.017166,6386,5497,883,35
6416,56.215308,0.000000,1.441700,9.991000,6,10,0.100000,0.050000,1,0.005000,2.000000,0,0,0,1,0.011235,6416,5530,885,35
6444,56.416139,-0.010000,2.088325,9.991000,6,10,0.100000,0.050000,1,0.005000,2.000000,0,0,0,1,0.017946,6444,5558,885,35
6471,56.555381,-0.010268,2.096307,9.991000,6,10,0.100000,0.050000,1,0.005000,2.000000,0,0,13,1,0.016493,6471,5572,885,35
6500,56.804551,-0.014745,2.699882,9.993000,6,10,0.100000,0.050000,1,0.005000,2.000000,0,0,13,1,0.015113,6500,5601,885,35
6531,57.216067,-0.010000,4.193459,9.998000,6,10,0.100000,0.050000,1,0.005000,2.000000,0,0,0,1,0.012913,6531,5644,886,35
6559,57.417401,0.000000,4.641648,9.999000,6,10,0.100000,0.050000,1,0.005000,2.000000,0,0,0,1,0.007028,6559,5672,886,35
6588,57.618077,0.000000,5.089853,10.000000,6,10,0.100000,0.050000,1,0.005000,2.000000,0,0,0,1,0.005115,6588,5701,886,35
6615,57.804565,-0.004244,5.090076,10.000000,6,10,0.100000,0.050000,1,0.005000,2.000000,0,0,5,1,0.004595,6615,5722,887,35
6646,58.214404,0.000000,6.448542,9.999000,6,10,0.100000,0.050000,1,0.005000,2.000000,0,0,0,1,0.002466,6646,5758,887,35
6674,58.414854,0.000000,6.924883,9.999000,6,10,0.100000,0.050000,1,0.005000,2.000000,0,0,0,1,0.001472,6674,5786,887,35
6703,58.613614,0.000000,7.359028,9.998000,6,10,0.100000,0.050000,1,0.005000,2.000000,0,0,0,1,0.000335,6703,5815,887,35
6727,58.805022,-0.002696,7.368172,9.998000,6,10,0.100000,0.050000,1,0.005000,2.000000,0,0,2,1,0.000374,6727,5837,887,35
6756,59.054955,-0.024114,7.879632,10.001000,6,10,0.100000,0.050000,1,0.005000,2.000000,0,0,0,1,0.000000,6756,5868,887,35
6786,59.305284,-0.027720,7.818000,10.005000,6,10,0.100000,0.050000,1,0.005000,2.000000,0,0,0,1,0.000000,6786,5898,887,35
6818,59.778760,-0.017296,7.533071,10.008000,6,10,0.100000,0.050000,1,0.005000,2.000000,0,0,0,1,0.000000,6818,5930,887,35
6842,59.804905,0.020000,6.604763,10.005000,6,10,0.100000,0.050000,1,0.005000,2.000000,0,0,0,1,0.000000,6842,5954,887,35
6873,60.278089,0.028791,5.913259,9.996000,6,10,0.100000,0.050000,1,0.005000,2.000000,0,0,0,1,0.000000,6873,5985,887,35
6899,60.304762,0.019033,5.285016,9.988000,6,10,0.100000,0.050000,1,0.005000,2.000000,0,0,0,1,0.000000,6899,6011,887,35
6927,60.555320,0.005468,4.721441,9.984000,6,10,0.100000,0.050000,1,0.005000,2.000000,0,0,0,1,0.000000,6927,6039,887,35
6955,60.804846,-0.005042,4.174182,9.982000,6,10,0.100000,0.050000,1,0.005000,2.000000,0,0,0,1,0.000000,6955,6067,887,35
6975,61.055676,-0.010000,3.610886,9.983000,6,10,0.100000,0.050000,1,0.005000,2.000000,0,0,0,1,0.000000,6975,6087,887,35
7005,61.305462,-0.010000,3.006493,9.985000,6,10,0.100000,0.050000,1,0.005000,2.000000,0,0,0,1,0.000000,7005,6117,887,36
7034,61.555009,-0.010000,2.380294,9.988000,6,10,0.100000,0.050000,1,0.005000,2.000000,0,0,0,1,0.000000,7034,6146,887,36
7071,62.026092,-0.013396,1.710804,9.991000,6,10,0.100000,0.050000,1,0.005000,2.000000,0,0,0,1,0.000000,7071,6183,887,36
7096,62.055393,-0.011664,1.011954,9.993000,6,10,0.100000,0.050000,1,0.005000,2.000000,0,0,0,1,0.000000,7096,6208,887,36
7123,62.304793,-0.011784,0.315497,9.995000,6,10,0.100000,0.050000,1,0.005000,2.000000,0,0,0,1,0.000000,7123,6235,887,36
7153,62.554812,-0.012403,0.162658,9.997000,6,10,0.100000,0.050000,1,0.005000,2.000000,0,0,0,1,0.000000,7153,6265,887,36
7177,62.804516,0.000000,0.294109,9.999000,6,10,0.100000,0.050000,1,0.005000,2.000000,0,0,0,1,0.000000,7177,6289,887,36
7205,63.054512,0.000000,0.258070,9.998000,6,10,0.100000,0.050000,1,0.005000,2.000000,0,0,0,1,0.000000,7205,6317,887,36
7235,63.304511,0.001023,0.181684,9.996000,6,10,0.100000,0.050000,1,0.005000,2.000000,0,0,0,1,0.000000,7235,6347,887,36
7262,63.554973,0.000000,0.089443,9.994000,6,10,0.100000,0.050000,1,0.005000,2.000000,0,0,0,1,0.000000,7262,6374,887,37
7292,63.805542,0.000000,0.041231,9.993000,6,10,0.100000,0.050000,1,0.005000,2.000000,0,0,0,1,0.000000,7292,6404,887,37
7324,64.055745,-0.035086,0.040435,9.995000,6,10,0.100000,0.050000,1,0.005000,2.000000,0,0,0,1,0.000000,7324,6436,887,37
7357,64.457530,-0.120550,0.121372,10.011000,6,10,0.100000,0.050000,1,0.005000,2.000000,0,0,0,1,0.000000,7357,6469,887,37
7387,64.781644,-0.262212,0.262668,10.057000,6,10,0.100000,0.050000,1,0.005000,2.000000,0,0,0,1,0.000000,7387,6499,887,37
7403,64.804578,-0.450000,0.450111,10.144000,6,10,0.100000,0.050000,1,0.005000,2.000000,0,0,0,1,0.000000,7403,6515,887,37
7433,65.057082,-0.680000,0.680147,10.285000,6,10,0.100000,0.050000,1,0.005000,2.000000,0,0,0,1,0.000000,7433,6545,887,37
7465,65.304576,-0.910000,0.910110,10.484000,6,10,0.100000,0.050000,1,0.005000,2.000000,0,0,0,1,0.000000,7465,6577,887,37
7500,65.778617,-1.143254,1.143539,10.741000,6,10,0.100000,0.050000,1,0.005000,2.000000,0,0,0,1,0.000000,7500,6612,887,37
7521,65.804778,-1.340000,1.340187,11.054000,6,10,0.100000,0.050000,1,0.005000,2.000000,0,0,0,1,0.000000,7521,6633,887,37
7555,66.055043,-1.505707,1.505949,11.411000,6,10,0.100000,0.050000,1,0.005000,2.000000,0,0,0,1,0.000000,7555,6667,887,37
7578,66.305127,-1.600000,1.600156,11.802000,6,10,0.100000,0.050000,1,0.005000,2.000000,0,0,0,1,0.000000,7578,6690,887,37
7613,66.781613,-1.645308,1.645494,12.214000,6,10,0.100000,0.050000,1,0.005000,2.000000,0,0,0,1,0.000000,7613,6725,887,37
7634,66.804558,-1.630000,1.630061,12.627000,6,10,0.100000,0.050000,1,0.005000,2.000000,0,0,0,1,0.000000,7634,6746,887,37
7662,67.054546,-1.610000,1.610062,13.035000,6,10,0.100000,0.050000,1,0.005000,2.000000,0,0,0,1,0.000000,7662,6774,887,37
7690,67.304835,-1.550000,1.550065,13.433000,6,10,0.100000,0.050000,1,0.005000,2.000000,0,0,0,1,0.000000,7690,6802,887,37
7722,67.555088,-1.448210,1.448308,13.812000,6,10,0.100000,0.050000,1,0.005000,2.000000,0,0,0,1,0.000000,7722,6834,887,37
7753,67.804845,-1.286270,1.286554,14.155000,6,10,0.100000,0.050000,1,0.005000,2.000000,0,0,0,1,0.000000,7753,6865,887,37
7782,68.280614,-1.065982,1.072523,14.451000,6,10,0.100000,0.050000,1,0.005000,2.000000,0,0,0,1,0.000000,7782,6894,887,37
7801,68.304729,-0.810000,0.857555,14.688000,6,10,0.100000,0.050000,1,0.005000,2.000000,0,0,0,1,0.000000,7801,6913,887,37
7820,68.558478,-0.550000,0.767007,14.863000,6,10,0.100000,0.050000,1,0.005000,2.000000,0,0,0,1,0.000000,7820,6932,887,37
7864,68.804576,-0.312798,0.908715,14.972000,6,10,0.100000,0.050000,1,0.005000,2.000000,0,0,0,1,0.000000,7864,6976,887,37
7881,69.055189,-0.110000,1.238103,15.023000,6,10,0.100000,0.050000,1,0.005000,2.000000,0,0,0,1,0.000000,7881,6993,887,37
7912,69.304516,0.010000,1.670389,15.034000,6,10,0.100000,0.050000,1,0.005000,2.000000,0,0,0,1,0.000000,7912,7024,887,37
7941,69.554487,0.070000,2.156548,15.020000,6,10,0.100000,0.050000,1,0.005000,2.000000,0,0,0,1,0.000000,7941,7053,887,37
7980,70.031070,0.067335,2.691063,14.998000,6,10,0.100000,0.050000,1,0.005000,2.000000,0,0,0,1,0.000000,7980,7092,887,37
7999,70.054575,0.030000,3.230650,14.981000,6,10,0.100000,0.050000,1,0.005000,2.000000,0,0,0,1,0.000000,7999,7111,887,37
8028,70.304453,0.000000,3.786251,14.971000,6,10,0.100000,0.050000,1,0.005000,2.000000,0,0,0,1,0.000000,8028,7140,887,37
8057,70.554452,-0.010000,4.333694,14.969000,6,10,0.100000,0.050000,1,0.005000,2.000000,0,0,0,1,0.000000,8057,7169,887,37
8093,71.029758,-0.027620,4.856719,14.970000,6,10,0.100000,0.050000,1,0.005000,2.000000,0,0,0,1,0.000000,8093,7205,887,37
8115,71.055697,-0.020000,5.356314,14.973000,6,10,0.100000,0.050000,1,0.005000,2.000000,0,0,0,1,0.000000,8115,7227,887,37
8138,71.305206,-0.020000,5.862670,14.976000,6,10,0.100000,0.050000,1,0.005000,2.000000,0,0,0,1,0.000000,8138,7250,887,37
8167,71.555508,-0.020000,6.388779,14.979000,6,10,0.100000,0.050000,1,0.005000,2.000000,0,0,0,1,0.000000,8167,7279,887,37
8206,72.027320,-0.017431,6.936568,14.980000,6,10,0.100000,0.050000,1,0.005000,2.000000,0,0,0,1,0.000000,8206,7318,887,37
8230,72.055589,-0.016707,7.455072,14.981000,6,10,0.100000,0.050000,1,0.005000,2.000000,0,0,0,1,0.000000,8230,7342,887,37
8257,72.304577,-0.016388,7.917872,14.982000,6,10,0.100000,0.050000,1,0.005000,2.000000,0,0,0,1,0.000000,8257,7369,887,37
8282,72.554449,-0.010000,8.313862,14.983000,6,10,0.100000,0.050000,1,0.005000,2.000000,0,0,0,1,0.000000,8282,7394,887,37
8316,72.804505,-0.015452,8.675895,14.984000,6,10,0.100000,0.050000,1,0.005000,2.000000,0,0,1,1,0.000267,8316,7427,887,37
8345,73.054962,-0.014568,8.968779,14.985000,6,10,0.100000,0.050000,1,0.005000,2.000000,0,0,3,1,0.001702,8345,7453,888,37
8365,73.304690,-0.010000,9.206509,14.985000,6,10,0.100000,0.050000,1,0.005000,2.000000,0,0,5,1,0.002887,8365,7471,888,37
8399,73.556613,-0.014781,9.405356,14.985000,6,10,0.100000,0.050000,1,0.005000,2.000000,0,0,3,1,0.005476,8399,7507,888,37
8432,74.029525,-0.016361,9.550502,14.986000,6,10,0.100000,0.050000,1,0.005000,2.000000,0,0,0,1,0.007032,8432,7542,889,37
8460,74.277644,-0.018015,9.640997,14.987000,6,10,0.100000,0.050000,1,0.005000,2.000000,0,0,0,1,0.015091,8460,7570,889,37
8488,74.459581,-0.018913,9.680890,14.987000,6,10,0.100000,0.050000,1,0.005000,2.000000,0,0,0,1,0.008166,8488,7598,889,37
8511,74.555159,-0.010000,9.678197,14.988000,6,10,0.100000,0.050000,1,0.005000,2.000000,0,0,13,1,0.015367,8511,7607,890,37
8546,75.030779,-0.013185,9.691811,14.989000,6,10,0.100000,0.050000,1,0.005000,2.000000,0,0,0,1,0.018999,8546,7652,893,37
8573,75.054905,-0.009899,9.711855,14.989000,6,10,0.100000,0.050000,1,0.005000,2.000000,0,0,25,1,0.013835,8573,7654,893,37
8594,75.304576,0.000000,9.740647,14.988000,6,10,0.100000,0.050000,1,0.005000,2.000000,0,0,16,1,0.027590,8594,7684,893,37
8631,75.781117,-0.009227,9.783418,14.987000,6,10,0.100000,0.050000,1,0.005000,2.000000,0,0,0,1,0.013852,8631,7737,893,37
8659,76.029452,-0.010401,9.820259,14.987000,6,10,0.100000,0.050000,1,0.005000,2.000000,0,0,0,1,0.016297,8659,7762,896,37
8683,76.054592,-0.011551,9.851660,14.987000,6,10,0.100000,0.050000,1,0.005000,2.000000,0,0,20,1,0.029404,8683,7765,897,37
8713,76.304472,-0.011316,9.872410,14.987000,6,10,0.100000,0.050000,1,0.005000,2.000000,0,0,26,1,0.024576,8713,7789,897,37
8744,76.778517,-0.011022,9.888947,14.987000,6,10,0.100000,0.050000,1,0.005000,2.000000,0,0,0,1,0.038406,8744,7846,897,37
8771,76.805165,-0.011289,9.906100,14.988000,6,10,0.100000,0.050000,1,0.005000,2.000000,0,0,26,1,0.020067,8771,7847,897,37
8790,77.056192,-0.010000,9.919889,14.988000,6,10,0.100000,0.050000,1,0.005000,2.000000,0,0,17,1,0.020003,8790,7875,897,37
8824,77.304808,-0.011100,9.935390,14.988000,6,10,0.100000,0.050000,1,0.005000,2.000000,1,0,2,0,0.000000,8824,7901,920,37
8849,77.555389,-0.010000,9.939628,14.988000,6,10,0.100000,0.050000,1,0.005000,2.000000,1,0,0,0,0.000000,8849,7903,945,37
8885,78.030728,-0.011079,9.950908,14.988000,6,10,0.100000,0.050000,1,0.005000,2.000000,0,0,0,1,0.035667,8885,7903,981,37
8905,78.054663,-0.010000,9.949497,14.988000,6,10,0.100000,0.050000,1,0.005000,2.000000,0,0,17,1,0.015233,8905,7906,981,37
8937,78.304959,-0.012096,9.957072,14.988000,6,10,0.100000,0.050000,1,0.005000,2.000000,0,0,20,1,0.023863,8937,7935,981,37
8967,78.554818,-0.011236,9.953943,14.988000,6,10,0.100000,0.050000,1,0.005000,2.000000,0,0,16,1,0.024133,8967,7967,983,37
8998,79.034642,-0.010742,9.951016,14.988000,6,10,0.100000,0.050000,1,0.005000,2.000000,0,0,0,1,0.013116,8998,8013,984,37
9024,79.054740,-0.010874,9.948356,14.988000,6,10,0.100000,0.050000,1,0.005000,2.000000,0,0,16,1,0.010159,9024,8021,986,37
9045,79.304777,-0.010000,9.939628,14.988000,6,10,0.100000,0.050000,1,0.005000,2.000000,0,0,8,1,0.004282,9045,8050,986,37
9073,79.557455,-0.010000,9.898540,14.989000,6,10,0.100000,0.050000,1,0.005000,2.000000,0,0,1,1,0.008613,9073,8085,986,37
9107,79.805160,-0.020204,9.800352,14.991000,6,10,0.100000,0.050000,1,0.005000,2.000000,0,0,3,1,0.004747,9107,8117,986,37
9132,80.054711,-0.020000,9.614161,14.994000,6,10,0.100000,0.050000,1,0.005000,2.000000,0,0,2,1,0.001529,9132,8143,986,37
9155,80.304796,-0.010000,9.360967,14.996000,6,10,0.100000,0.050000,1,0.005000,2.000000,0,0,0,1,0.000529,9155,8168,986,37
9186,80.554704,-0.010000,9.048569,14.998000,6,10,0.100000,0.050000,1,0.005000,2.000000,0,0,0,1,0.000000,9186,8199,986,37
9216,80.805305,0.000000,8.683599,14.998000,6,10,0.100000,0.050000,1,0.005000,2.000000,0,0,0,1,0.000000,9216,8229,986,37
9243,81.054829,0.000000,8.239691,14.997000,6,10,0.100000,0.050000,1,0.005000,2.000000,0,0,0,1,0.000000,9243,8256,986,37
9270,81.305128,0.000000,7.744837,14.994000,6,10,0.100000,0.050000,1,0.005000,2.000000,0,0,0,1,0.000000,9270,8283,986,37
9297,81.554967,0.000000,7.189172,14.991000,6,10,0.100000,0.050000,1,0.005000,2.000000,0,0,0,1,0.000000,9297,8310,986,37
9322,81.805503,0.000000,6.582560,14.987000,6,10,0.100000,0.050000,1,0.005000,2.000000,0,0,0,1,0.000000,9322,8335,986,37
9354,82.054779,0.000000,5.933178,14.983000,6,10,0.100000,0.050000,1,0.005000,2.000000,0,0,0,1,0.000000,9354,8367,986,37
9389,82.304817,-0.000742,5.295492,14.980000,6,10,0.100000,0.050000,1,0.005000,2.000000,0,0,0,1,0.000000,9389,8402,986,37
9422,82.784170,-0.008084,4.650305,14.979000,6,10,0.100000,0.050000,1,0.005000,2.000000,0,0,0,1,0.000000,9422,8435,986,37
9441,82.804639,-0.010000,3.996574,14.980000,6,10,0.100000,0.050000,1,0.005000,2.000000,0,0,0,1,0.000000,9441,8454,986,37
9478,83.281445,-0.016893,3.348018,14.981000,6,10,0.100000,0.050000,1,0.005000,2.000000,0,0,0,1,0.000000,9478,8491,986,37
9499,83.304532,-0.010000,2.676434,14.983000,6,10,0.100000,0.050000,1,0.005000,2.000000,0,0,0,1,0.000000,9499,8512,986,37
9523,83.554496,-0.010000,2.056672,14.985000,6,10,0.100000,0.050000,1,0.005000,2.000000,0,0,0,1,0.000000,9523,8536,986,37
9551,83.804766,-0.010000,1.496295,14.987000,6,10,0.100000,0.050000,1,0.005000,2.000000,0,0,0,1,0.000000,9551,8564,986,37
9586,84.054914,-0.014905,1.021862,14.989000,6,10,0.100000,0.050000,1,0.005000,2.000000,0,0,0,1,0.000000,9586,8599,986,37
9615,84.304752,-0.012501,0.632058,14.989000,6,10,0.100000,0.050000,1,0.005000,2.000000,0,0,0,1,0.000000,9615,8628,986,37
9647,84.554705,-0.010999,0.322387,14.989000,6,10,0.100000,0.050000,1,0.005000,2.000000,0,0,0,1,0.000000,9647,8660,986,37
9670,84.805809,0.000000,0.094868,14.988000,6,10,0.100000,0.050000,1,0.005000,2.000000,0,0,0,1,0.000000,9670,8683,986,37
9705,85.285047,-0.010160,0.096588,14.988000,6,10,0.100000,0.050000,1,0.005000,2.000000,0,0,0,1,0.000000,9705,8718,986,37
9723,85.306415,-0.010000,0.174929,14.987000,6,10,0.100000,0.050000,1,0.005000,2.000000,0,0,0,1,0.000000,9723,8736,986,37
9750,85.554788,-0.010000,0.202731,14.987000,6,10,0.100000,0.050000,1,0.005000,2.000000,0,0,0,1,0.000000,9750,8763,986,37
9779,85.804628,-0.010000,0.161864,14.987000,6,10,0.100000,0.050000,1,0.005000,2.000000,0,0,0,1,0.000000,9779,8792,986,37
9807,86.054958,-0.010000,0.103441,14.988000,6,10,0.100000,0.050000,1,0.005000,2.000000,0,0,0,1,0.000000,9807,8820,986,37
9837,86.305124,-0.010000,0.064807,14.989000,6,10,0.100000,0.050000,1,0.005000,2.000000,0,0,0,1,0.000000,9837,8850,986,37
9866,86.555063,-0.010000,0.050990,14.990000,6,10,0.100000,0.050000,1,0.005000,2.000000,0,0,0,1,0.000000,9866,8879,986,37
9895,86.804757,0.000000,0.042426,14.991000,6,10,0.100000,0.050000,1,0.005000,2.000000,0,0,0,1,0.000000,9895,8908,986,37
9924,87.054998,0.000000,0.058310,14.991000,6,10,0.100000,0.050000,1,0.005000,2.000000,0,0,0,1,0.000000,9924,8937,986,37
9950,87.304809,0.000000,0.080623,14.992000,6,10,0.100000,0.050000,1,0.005000,2.000000,0,0,0,1,0.000000,9950,8963,986,37
9982,87.555141,0.000000,0.098489,14.993000,6,10,0.100000,0.050000,1,0.005000,2.000000,0,0,0,1,0.000000,9982,8995,986,37
10014,87.804711,-0.006062,0.111088,14.994000,6,10,0.100000,0.050000,1,0.005000,2.000000,0,0,0,1,0.000000,10014,9027,986,37
10044,88.283470,-0.005124,0.111959,14.995000,6,10,0.100000,0.050000,1,0.005000,2.000000,0,0,0,1,0.000000,10044,9057,986,37
10060,88.304449,0.000000,0.098489,14.995000,6,10,0.100000,0.050000,1,0.005000,2.000000,0,0,0,1,0.000000,10060,9073,986,37
10093,88.555055,0.000000,0.089443,14.995000,6,10,0.100000,0.050000,1,0.005000,2.000000,0,0,0,1,0.000000,10093,9106,986,37
10118,88.805085,0.000000,0.080623,14.996000,6,10,0.100000,0.050000,1,0.005000,2.000000,0,0,0,1,0.000000,10118,9131,986,37
10146,89.054552,0.000000,0.072111,14.997000,6,10,0.100000,0.050000,1,0.005000,2.000000,0,0,0,1,0.000000,10146,9159,986,37
10176,89.304461,0.000000,0.058310,14.997000,6,10,0.100000,0.050000,1,0.005000,2.000000,0,0,0,1,0.000000,10176,9189,986,37
10206,89.554648,0.000000,0.050000,14.998000,6,10,0.100000,0.050000,1,0.005000,2.000000,0,0,0,1,0.000000,10206,9219,986,37
10231,89.804940,0.000000,0.042426,14.998000,6,10,0.100000,0.050000,1,0.005000,2.000000,0,0,0,1,0.000000,10231,9244,986,37
10270,90.287289,-0.000823,0.045629,14.999000,6,10,0.100000,0.050000,1,0.005000,2.000000,0,0,0,1,0.000000,10270,9283,986,37
10285,90.304560,0.000000,0.028284,14.999000,6,10,0.100000,0.050000,1,0.005000,2.000000,0,0,0,1,0.000000,10285,9298,986,37
10314,90.554711,0.000000,0.028284,14.999000,6,10,0.100000,0.050000,1,0.005000,2.000000,0,0,0,1,0.000000,10314,9327,986,37
10346,90.804929,0.000000,0.028284,14.999000,6,10,0.100000,0.050000,1,0.005000,2.000000,0,0,0,1,0.000000,10346,9359,986,37
10371,91.054955,0.140000,0.142829,14.984000,6,10,0.100000,0.050000,1,0.005000,2.000000,0,0,0,1,0.000000,10371,9384,986,37
10398,91.304491,0.400000,0.400999,14.916000,6,10,0.100000,0.050000,1,0.005000,2.000000,0,0,0,1,0.000000,10398,9411,986,37
10425,91.555388,0.680000,0.680588,14.780000,6,10,0.100000,0.050000,1,0.005000,2.000000,0,0,0,1,0.000000,10425,9438,986,37
10451,91.805657,0.960000,0.960417,14.575000,6,10,0.100000,0.050000,1,0.005000,2.000000,0,0,0,1,0.000000,10451,9464,986,37
10481,92.054898,1.230000,1.230325,14.300000,6,10,0.100000,0.050000,1,0.005000,2.000000,0,0,0,1,0.000000,10481,9494,986,37
10510,92.304951,1.460000,1.460274,13.958000,6,10,0.100000,0.050000,1,0.005000,2.000000,0,0,0,1,0.000000,10510,9523,986,37
10537,92.555064,1.550000,1.550258,13.572000,6,10,0.100000,0.050000,1,0.005000,2.000000,0,0,0,1,0.000000,10537,9550,986,37
10566,92.804920,1.560000,1.560256,13.178000,6,10,0.100000,0.050000,1,0.005000,2.000000,0,0,0,1,0.000000,10566,9579,986,37
10593,93.055332,1.530000,1.530261,12.787000,6,10,0.100000,0.050000,1,0.005000,2.000000,0,0,0,1,0.000000,10593,9606,986,37
10614,93.304990,1.500000,1.500267,12.403000,6,10,0.100000,0.050000,1,0.005000,2.000000,0,0,0,1,0.000000,10614,9627,986,37
10640,93.555052,1.480000,1.480270,12.020000,6,10,0.100000,0.050000,1,0.005000,2.000000,0,0,0,1,0.000000,10640,9653,986,37
10666,93.804718,1.470000,1.470068,11.648000,6,10,0.100000,0.050000,1,0.005000,2.000000,0,0,0,1,0.000000,10666,9679,986,37
10695,94.055380,1.410000,1.410071,11.282000,6,10,0.100000,0.050000,1,0.005000,2.000000,0,0,0,1,0.000000,10695,9708,986,37
10721,94.305241,1.210000,1.210083,10.952000,6,10,0.100000,0.050000,1,0.005000,2.000000,0,0,0,1,0.000000,10721,9734,986,37
10752,94.557139,0.950000,0.950105,10.679000,6,10,0.100000,0.050000,1,0.005000,2.000000,0,0,0,1,0.000000,10752,9765,986,37
10776,94.805145,0.670000,0.670149,10.474000,6,10,0.100000,0.050000,1,0.005000,2.000000,0,0,0,1,0.000000,10776,9789,986,37
10810,95.054871,0.480000,0.480208,10.331000,6,10,0.100000,0.050000,1,0.005000,2.000000,0,0,0,1,0.000000,10810,9823,986,37
10836,95.304770,0.420000,0.420238,10.218000,6,10,0.100000,0.050000,1,0.005000,2.000000,0,0,0,1,0.000000,10836,9849,986,37
10863,95.554647,0.420000,0.420238,10.113000,6,10,0.100000,0.050000,1,0.005000,2.000000,0,0,0,1,0.000000,10863,9876,986,37
10888,95.805026,0.440000,0.440114,10.004000,6,10,0.100000,0.050000,1,0.005000,2.000000,0,0,0,1,0.000000,10888,9901,986,37
10916,96.054837,0.470000,0.470106,9.890000,6,10,0.100000,0.050000,1,0.005000,2.000000,0,0,0,1,0.000000,10916,9929,986,37
10949,96.304605,0.490000,0.490102,9.770000,6,10,0.100000,0.050000,1,0.005000,2.000000,0,0,0,1,0.000000,10949,9962,986,37
10975,96.555019,0.510000,0.510098,9.646000,6,10,0.100000,0.050000,1,0.005000,2.000000,0,0,0,1,0.000000,10975,9988,986,37
11001,96.804867,0.510000,0.510098,9.520000,6,10,0.100000,0.050000,1,0.005000,2.000000,0,0,0,1,0.000000,11001,10014,986,37
11026,97.055787,0.510000,0.510392,9.392000,6,10,0.100000,0.050000,1,0.005000,2.000000,0,0,0,1,0.000000,11026,10039,986,37
11059,97.304960,0.510000,0.510392,9.265000,6,10,0.100000,0.050000,1,0.005000,2.000000,0,0,0,1,0.000000,11059,10072,986,37
11087,97.554946,0.510000,0.510392,9.138000,6,10,0.100000,0.050000,1,0.005000,2.000000,0,0,0,1,0.000000,11087,10100,986,37
11103,97.804648,0.510000,0.510392,9.011000,6,10,0.100000,0.050000,1,0.005000,2.000000,0,0,0,1,0.000000,11103,10116,986,37
11132,98.054494,0.510000,0.510392,8.885000,6,10,0.100000,0.050000,1,0.005000,2.000000,0,0,0,1,0.000000,11132,10145,986,37
11175,98.467437,0.508809,0.509478,8.759000,6,10,0.100000,0.050000,1,0.005000,2.000000,0,0,0,1,0.000000,11175,10188,986,37
11189,98.555021,0.500000,0.500400,8.634000,6,10,0.100000,0.050000,1,0.005000,2.000000,0,0,0,1,0.000000,11189,10202,986,37
11219,98.804587,0.500000,0.500400,8.508000,6,10,0.100000,0.050000,1,0.005000,2.000000,0,0,0,1,0.000000,11219,10232,986,37
11249,99.054976,0.500000,0.500400,8.384000,6,10,0.100000,0.050000,1,0.005000,2.000000,0,0,0,1,0.000000,11249,10262,986,37
11273,99.304855,0.500000,0.500400,8.259000,6,10,0.100000,0.050000,1,0.005000,2.000000,0,0,0,1,0.000000,11273,10286,986,37
11301,99.554963,0.500000,0.500400,8.134000,6,10,0.100000,0.050000,1,0.005000,2.000000,0,0,0,1,0.000000,11301,10314,986,37
11324,99.805604,0.500000,0.500400,8.007000,6,10,0.100000,0.050000,1,0.005000,2.000000,0,0,0,1,0.000000,11324,10337,986,37
11351,100.055279,0.500000,0.500400,7.882000,6,10,0.100000,0.050000,1,0.005000,2.000000,0,0,0,1,0.000000,11351,10364,986,37
11386,100.304872,0.500000,0.500400,7.757000,6,10,0.100000,0.050000,1,0.005000,2.000000,0,0,0,1,0.000000,11386,10399,986,37
11409,100.555683,0.500000,0.500100,7.632000,6,10,0.100000,0.050000,1,0.005000,2.000000,0,0,0,1,0.000000,11409,10422,986,37
11434,100.804519,0.500000,0.500100,7.506000,6,10,0.100000,0.050000,1,0.005000,2.000000,0,0,0,1,0.000000,11434,10447,986,37
11463,101.054561,0.500000,0.500100,7.382000,6,10,0.100000,0.050000,1,0.005000,2.000000,0,0,0,1,0.000000,11463,10476,986,37
11489,101.304613,0.500000,0.500100,7.257000,6,10,0.100000,0.050000,1,0.005000,2.000000,0,0,0,1,0.000000,11489,10502,986,37
11518,101.554766,0.500000,0.500100,7.131000,6,10,0.100000,0.050000,1,0.005000,2.000000,0,0,0,1,0.000000,11518,10531,986,37
11546,101.805258,0.500000,0.500100,7.006000,6,10,0.100000,0.050000,1,0.005000,2.000000,0,0,0,1,0.000000,11546,10559,986,37
11569,102.054534,0.500000,0.500100,6.879000,6,10,0.100000,0.050000,1,0.005000,2.000000,0,0,0,1,0.000000,11569,10582,986,37
11596,102.304542,0.500000,0.500100,6.755000,6,10,0.100000,0.050000,1,0.005000,2.000000,0,0,0,1,0.000000,11596,10609,986,37
11631,102.554966,0.500000,0.500100,6.630000,6,10,0.100000,0.050000,1,0.005000,2.000000,0,0,0,1,0.000000,11631,10644,986,37
11652,102.805004,0.500000,0.500100,6.505000,6,10,0.100000,0.050000,1,0.005000,2.000000,0,0,0,1,0.000000,11652,10665,986,37
11680,103.055112,0.500000,0.500100,6.380000,6,10,0.100000,0.050000,1,0.005000,2.000000,0,0,0,1,0.000000,11680,10693,986,37
11707,103.304566,0.500000,0.500100,6.255000,6,10,0.100000,0.050000,1,0.005000,2.000000,0,0,0,1,0.000000,11707,10720,986,37
11736,103.554701,0.500000,0.500100,6.130000,6,10,0.100000,0.050000,1,0.005000,2.000000,0,0,0,1,0.000000,11736,10749,986,37
11762,103.804659,0.500000,0.500100,6.005000,6,10,0.100000,0.050000,1,0.005000,2.000000,0,0,0,1,0.000000,11762,10775,986,37
11785,104.054520,0.500000,0.500100,5.879000,6,10,0.100000,0.050000,1,0.005000,2.000000,0,0,0,1,0.000000,11785,10798,986,37
11812,104.304752,0.500000,0.500100,5.754000,6,10,0.100000,0.050000,1,0.005000,2.000000,0,0,0,1,0.000000,11812,10825,986,37
11843,104.555789,0.500000,0.500100,5.629000,6,10,0.100000,0.050000,1,0.005000,2.000000,0,0,0,1,0.000000,11843,10856,986,37
11867,104.804463,0.500000,0.500100,5.504000,6,10,0.100000,0.050000,1,0.005000,2.000000,0,0,0,1,0.000000,11867,10880,986,37
11895,105.055166,0.500000,0.500100,5.379000,6,10,0.100000,0.050000,1,0.005000,2.000000,0,0,0,1,0.000000,11895,10908,986,37
11927,105.305229,0.500000,0.500100,5.254000,6,10,0.100000,0.050000,1,0.005000,2.000000,0,0,0,1,0.000000,11927,10940,986,37
11956,105.554530,0.500000,0.500100,5.130000,6,10,0.100000,0.050000,1,0.005000,2.000000,0,0,0,1,0.000000,11956,10969,986,37
11989,105.804607,0.500000,0.500100,5.004000,6,10,0.100000,0.050000,1,0.005000,2.000000,0,0,0,1,0.000000,11989,11002,986,37
12005,106.055544,0.500000,0.500400,4.877000,6,10,0.100000,0.050000,1,0.005000,2.000000,0,0,0,1,0.000000,12005,11018,986,37
12034,106.304589,0.500000,0.500400,4.752000,6,10,0.100000,0.050000,1,0.005000,2.000000,0,0,0,1,0.000000,12034,11047,986,37
12062,106.555288,0.500000,0.500400,4.627000,6,10,0.100000,0.050000,1,0.005000,2.000000,0,0,0,1,0.000000,12062,11075,986,37
12086,106.805298,0.500000,0.500400,4.502000,6,10,0.100000,0.050000,1,0.005000,2.000000,0,0,0,1,0.000000,12086,11099,986,37
12110,107.054528,0.500000,0.500400,4.376000,6,10,0.100000,0.050000,1,0.005000,2.000000,0,0,0,1,0.000000,12110,11123,986,37
12140,107.305252,0.500000,0.500400,4.252000,6,10,0.100000,0.050000,1,0.005000,2.000000,0,0,0,1,0.000000,12140,11153,986,37
12167,107.554654,0.490000,0.490408,4.127000,6,10,0.100000,0.050000,1,0.005000,2.000000,0,0,0,1,0.000000,12167,11180,986,37
12204,107.805125,0.500000,0.500400,4.002000,6,10,0.100000,0.050000,1,0.005000,2.000000,0,0,0,1,0.000000,12204,11217,986,37
12224,108.054464,0.500000,0.500400,3.877000,6,10,0.100000,0.050000,1,0.005000,2.000000,0,0,0,1,0.000000,12224,11237,986,37
12252,108.305503,0.500000,0.500400,3.751000,6,10,0.100000,0.050000,1,0.005000,2.000000,0,0,0,1,0.000000,12252,11265,986,37
12278,108.555379,0.500000,0.500400,3.627000,6,10,0.100000,0.050000,1,0.005000,2.000000,0,0,0,1,0.000000,12278,11291,986,37
12309,108.804503,0.500000,0.500400,3.502000,6,10,0.100000,0.050000,1,0.005000,2.000000,0,0,0,1,0.000000,12309,11322,986,37
12335,109.054686,0.500000,0.500400,3.377000,6,10,0.100000,0.050000,1,0.005000,2.000000,0,0,0,1,0.000000,12335,11348,986,37
12359,109.305363,0.500000,0.500400,3.253000,6,10,0.100000,0.050000,1,0.005000,2.000000,0,0,0,1,0.000000,12359,11372,986,37
12388,109.554508,0.500000,0.500100,3.128000,6,10,0.100000,0.050000,1,0.005000,2.000000,0,0,0,1,0.000000,12388,11401,986,37
12413,109.804954,0.500000,0.500100,3.003000,6,10,0.100000,0.050000,1,0.005000,2.000000,0,0,0,1,0.000000,12413,11426,986,37
12445,110.054597,0.500000,0.500100,2.878000,6,10,0.100000,0.050000,1,0.005000,2.000000,0,0,0,1,0.000000,12445,11458,986,37
12467,110.305005,0.500000,0.500100,2.751000,6,10,0.100000,0.050000,1,0.005000,2.000000,0,0,0,1,0.000000,12467,11480,986,37
12500,110.554952,0.500000,0.500100,2.626000,6,10,0.100000,0.050000,1,0.005000,2.000000,0,0,0,1,0.000000,12500,11513,986,37
12522,110.804839,0.500000,0.500100,2.501000,6,10,0.100000,0.050000,1,0.005000,2.000000,0,0,0,1,0.000000,12522,11535,986,37
12551,111.054626,0.500000,0.500100,2.376000,6,10,0.100000,0.050000,1,0.005000,2.000000,0,0,0,1,0.000000,12551,11564,986,37
12575,111.305593,0.490000,0.490102,2.251000,6,10,0.100000,0.050000,1,0.005000,2.000000,0,0,0,1,0.000000,12575,11588,986,37
12608,111.555608,0.490000,0.490102,2.126000,6,10,0.100000,0.050000,1,0.005000,2.000000,0,0,0,1,0.000000,12608,11621,986,37
12633,111.805223,0.490000,0.490102,2.002000,6,10,0.100000,0.050000,1,0.005000,2.000000,0,0,0,1,0.000000,12633,11646,986,37
12662,112.055190,0.490000,0.490102,1.877000,6,10,0.100000,0.050000,1,0.005000,2.000000,0,0,0,1,0.000000,12662,11675,986,37
12685,112.305182,0.490000,0.490102,1.750000,6,10,0.100000,0.050000,1,0.005000,2.000000,0,0,0,1,0.000000,12685,11698,986,37
12714,112.555417,0.490000,0.490102,1.625000,6,10,0.100000,0.050000,1,0.005000,2.000000,0,0,0,1,0.000000,12714,11727,986,37
12741,112.805202,0.490000,0.490102,1.500000,6,10,0.100000,0.050000,1,0.005000,2.000000,0,0,0,1,0.000000,12741,11754,986,37
12770,113.054870,0.490000,0.490102,1.376000,6,10,0.100000,0.050000,1,0.005000,2.000000,0,0,0,1,0.000000,12770,11783,986,37
12796,113.305395,0.490000,0.490102,1.251000,6,10,0.100000,0.050000,1,0.005000,2.000000,0,0,0,1,0.000000,12796,11809,986,37
12824,113.554674,0.490000,0.490102,1.127000,6,10,0.100000,0.050000,1,0.005000,2.000000,0,0,0,1,0.000000,12824,11837,986,37
12853,113.804631,0.490000,0.490102,1.002000,6,10,0.100000,0.050000,1,0.005000,2.000000,0,0,0,1,0.000000,12853,11866,986,37
12881,114.054655,0.500000,0.500100,0.878000,6,10,0.100000,0.050000,1,0.005000,2.000000,0,0,0,1,0.000000,12881,11894,986,37
12906,114.304618,0.500000,0.500100,0.752000,6,10,0.100000,0.050000,1,0.005000,2.000000,0,0,0,1,0.000000,12906,11919,986,37
12933,114.555094,0.500000,0.500100,0.626000,6,10,0.100000,0.050000,1,0.005000,2.000000,0,0,0,1,0.000000,12933,11946,986,37
12961,114.804957,0.500000,0.500100,0.501000,6,10,0.100000,0.050000,1,0.005000,2.000000,0,0,0,1,0.000000,12961,11974,986,37
12986,115.055210,0.500000,0.500400,0.377000,6,10,0.100000,0.050000,1,0.005000,2.000000,0,0,0,1,0.000000,12986,11999,986,37
13009,115.305131,0.500000,0.500400,0.252000,6,10,0.100000,0.050000,1,0.005000,2.000000,0,0,0,1,0.000000,13009,12022,986,37
13041,115.554997,0.500000,0.500400,0.128000,6,10,0.100000,0.050000,1,0.005000,2.000000,0,0,0,1,0.000000,13041,12054,986,37
13075,115.804814,0.500000,0.500400,0.002000,6,10,0.100000,0.050000,1,0.005000,2.000000,0,0,0,1,0.000000,13075,12088,986,37
13095,116.054726,-0.120000,0.120416,-0.046000,6,10,0.100000,0.050000,1,0.005000,2.000000,0,0,0,1,0.000000,13095,12108,986,37
13125,116.304535,-0.010000,0.014142,-0.031000,6,10,0.100000,0.050000,1,0.005000,2.000000,0,0,0,1,0.000000,13125,12138,986,37
13154,116.555373,0.020000,0.022361,-0.040000,6,10,0.100000,0.050000,1,0.005000,2.000000,0,0,0,1,0.000000,13154,12167,986,37
13176,116.805298,0.000000,0.010000,-0.041000,6,10,0.100000,0.050000,1,0.005000,2.000000,0,0,0,1,0.000000,13176,12189,986,37
13201,117.061250,0.000000,0.010000,-0.039000,6,10,0.100000,0.050000,1,0.005000,2.000000,0,0,0,1,0.000000,13201,12214,986,37
13232,117.304907,0.000000,0.010000,-0.038000,6,10,0.100000,0.050000,1,0.005000,2.000000,0,0,0,1,0.000000,13232,12245,986,37
13265,117.555675,0.000000,0.010000,-0.037000,6,10,0.100000,0.050000,1,0.005000,2.000000,0,0,0,1,0.000000,13265,12278,986,37
13293,117.804839,0.000000,0.010000,-0.036000,6,10,0.100000,0.050000,1,0.005000,2.000000,0,0,0,1,0.000000,13293,12306,986,37
13318,118.054499,0.000000,0.010000,-0.034000,6,10,0.100000,0.050000,1,0.005000,2.000000,0,0,0,1,0.000000,13318,12331,986,37
13349,118.304871,0.000000,0.010000,-0.031000,6,10,0.100000,0.050000,1,0.005000,2.000000,0,0,0,1,0.000000,13349,12362,986,37
13373,118.554928,0.000000,0.010000,-0.028000,6,10,0.100000,0.050000,1,0.005000,2.000000,0,0,0,1,0.000000,13373,12386,986,37
13402,118.805041,0.000000,0.010000,-0.025000,6,10,0.100000,0.050000,1,0.005000,2.000000,0,0,0,1,0.000000,13402,12415,986,37
13427,119.054968,0.000000,0.010000,-0.023000,6,10,0.100000,0.050000,1,0.005000,2.000000,0,0,0,1,0.000000,13427,12440,986,37
13455,119.304869,0.000000,0.010000,-0.021000,6,10,0.100000,0.050000,1,0.005000,2.000000,0,0,0,1,0.000000,13455,12468,986,37
13485,119.555025,0.000000,0.010000,-0.019000,6,10,0.100000,0.050000,1,0.005000,2.000000,0,0,0,1,0.000000,13485,12498,986,37
13508,119.804987,0.000000,0.010000,-0.018000,6,10,0.100000,0.050000,1,0.005000,2.000000,0,0,0,1,0.000000,13508,12521,986,37
13543,120.054659,0.000000,0.010000,-0.017000,6,10,0.100000,0.050000,1,0.005000,2.000000,0,0,0,1,0.000000,13543,12556,986,37
13562,120.304462,0.000000,0.010000,-0.016000,6,10,0.100000,0.050000,1,0.005000,2.000000,0,0,0,1,0.000000,13562,12575,986,37
13597,120.555055,0.000000,0.010000,-0.015000,6,10,0.100000,0.050000,1,0.005000,2.000000,0,0,0,1,0.000000,13597,12610,986,37
13618,120.805337,0.000000,0.010000,-0.014000,6,10,0.100000,0.050000,1,0.005000,2.000000,0,0,0,1,0.000000,13618,12631,986,37
13643,121.055180,0.000000,0.010000,-0.013000,6,10,0.100000,0.050000,1,0.005000,2.000000,0,0,0,1,0.000000,13643,12656,986,37
13679,121.305598,0.000000,0.010000,-0.012000,6,10,0.100000,0.050000,1,0.005000,2.000000,0,0,0,1,0.000000,13679,12692,986,37
13701,121.555169,0.000000,0.010000,-0.012000,6,10,0.100000,0.050000,1,0.005000,2.000000,0,0,0,1,0.000000,13701,12714,986,37
13729,121.804983,0.000000,0.010000,-0.011000,6,10,0.100000,0.050000,1,0.005000,2.000000,0,0,0,1,0.000000,13729,12742,986,37
13758,122.055347,0.000000,0.020000,-0.011000,6,10,0.100000,0.050000,1,0.005000,2.000000,0,0,0,1,0.000000,13758,12771,986,37
13781,122.304553,0.000000,0.010000,-0.010000,6,10,0.100000,0.050000,1,0.005000,2.000000,0,0,0,1,0.000000,13781,12794,986,37
13813,122.555504,0.000000,0.010000,-0.010000,6,10,0.100000,0.050000,1,0.005000,2.000000,0,0,0,1,0.000000,13813,12826,986,37
13835,122.805659,0.000000,0.020000,-0.009000,6,10,0.100000,0.050000,1,0.005000,2.000000,0,0,0,1,0.000000,13835,12848,986,37
13865,123.055300,0.000000,0.020000,-0.009000,6,10,0.100000,0.050000,1,0.005000,2.000000,0,0,0,1,0.000000,13865,12878,986,37
13889,123.305092,0.000000,0.020000,-0.009000,6,10,0.100000,0.050000,1,0.005000,2.000000,0,0,0,1,0.000000,13889,12902,986,37
13913,123.555128,0.000000,0.020000,-0.009000,6,10,0.100000,0.050000,1,0.005000,2.000000,0,0,0,1,0.000000,13913,12926,986,37
13944,123.804607,0.000000,0.020000,-0.008000,6,10,0.100000,0.050000,1,0.005000,2.000000,0,0,0,1,0.000000,13944,12957,986,37
13974,124.055625,0.000000,0.020000,-0.008000,6,10,0.100000,0.050000,1,0.005000,2.000000,0,0,0,1,0.000000,13974,12987,986,37
14000,124.305058,0.000000,0.020000,-0.008000,6,10,0.100000,0.050000,1,0.005000,2.000000,0,0,0,1,0.000000,14000,13013,986,37
14033,124.554929,0.000000,0.020000,-0.008000,6,10,0.100000,0.050000,1,0.005000,2.000000,0,0,0,1,0.000000,14033,13046,986,37
14055,124.804870,0.000000,0.020000,-0.007000,6,10,0.100000,0.050000,1,0.005000,2.000000,0,0,0,1,0.000000,14055,13068,986,37
14082,125.055831,0.000000,0.020000,-0.007000,6,10,0.100000,0.050000,1,0.005000,2.000000,0,0,0,1,0.000000,14082,13095,986,37
14109,125.304814,0.000000,0.020000,-0.007000,6,10,0.100000,0.050000,1,0.005000,2.000000,0,0,0,1,0.000000,14109,13122,986,37
14133,125.554624,0.000000,0.020000,-0.007000,6,10,0.100000,0.050000,1,0.005000,2.000000,0,0,0,1,0.000000,14133,13146,986,37
14162,125.804899,0.000000,0.020000,-0.007000,6,10,0.100000,0.050000,1,0.005000,2.000000,0,0,0,1,0.000000,14162,13175,986,37
14193,126.055271,0.000000,0.020000,-0.007000,6,10,0.100000,0.050000,1,0.005000,2.000000,0,0,0,1,0.000000,14193,13206,986,37
14219,126.304823,0.000000,0.020000,-0.006000,6,10,0.100000,0.050000,1,0.005000,2.000000,0,0,0,1,0.000000,14219,13232,986,37
14242,126.554613,0.000000,0.020000,-0.006000,6,10,0.100000,0.050000,1,0.005000,2.000000,0,0,0,1,0.000000,14242,13255,986,37
14272,126.805098,0.000000,0.020000,-0.006000,6,10,0.100000,0.050000,1,0.005000,2.000000,0,0,0,1,0.000000,14272,13285,986,37
14298,127.056543,0.000000,0.020000,-0.006000,6,10,0.100000,0.050000,1,0.005000,2.000000,0,0,0,1,0.000000,14298,13311,986,37
14324,127.304448,0.000000,0.020000,-0.006000,6,10,0.100000,0.050000,1,0.005000,2.000000,0,0,0,1,0.000000,14324,13337,986,37
14353,127.554531,0.000000,0.020000,-0.006000,6,10,0.100000,0.050000,1,0.005000,2.000000,0,0,0,1,0.000000,14353,13366,986,37
14379,127.805378,0.000000,0.020000,-0.006000,6,10,0.100000,0.050000,1,0.005000,2.000000,0,0,0,1,0.000000,14379,13392,986,37
14410,128.054888,0.000000,0.020000,-0.006000,6,10,0.100000,0.050000,1,0.005000,2.000000,0,0,0,1,0.000000,14410,13423,986,37
14438,128.304964,0.000000,0.020000,-0.006000,6,10,0.100000,0.050000,1,0.005000,2.000000,0,0,0,1,0.000000,14438,13451,986,37
14465,128.555064,0.000000,0.020000,-0.006000,6,10,0.100000,0.050000,1,0.005000,2.000000,0,0,0,1,0.000000,14465,13478,986,37
14494,128.805163,0.000000,0.020000,-0.006000,6,10,0.100000,0.050000,1,0.005000,2.000000,0,0,0,1,0.000000,14494,13507,986,37
14516,129.055085,0.000000,0.020000,-0.006000,6,10,0.100000,0.050000,1,0.005000,2.000000,0,0,0,1,0.000000,14516,13529,986,37
14542,129.304690,0.000000,0.020000,-0.006000,6,10,0.100000,0.050000,1,0.005000,2.000000,0,0,0,1,0.000000,14542,13555,986,37
14573,129.555545,0.000000,0.020000,-0.006000,6,10,0.100000,0.050000,1,0.005000,2.000000,0,0,0,1,0.000000,14573,13586,986,37
14598,129.804578,0.000000,0.020000,-0.006000,6,10,0.100000,0.050000,1,0.005000,2.000000,0,0,0,1,0.000000,14598,13611,986,37
14626,130.055415,0.000000,0.020000,-0.006000,6,10,0.100000,0.050000,1,0.005000,2.000000,0,0,0,1,0.000000,14626,13639,986,37
14656,130.305442,0.000000,0.020000,-0.006000,6,10,0.100000,0.050000,1,0.005000,2.000000,0,0,0,1,0.000000,14656,13669,986,37
14686,130.554522,0.000000,0.020000,-0.006000,6,10,0.100000,0.050000,1,0.005000,2.000000,0,0,0,1,0.000000,14686,13699,986,37
14710,130.805012,0.000000,0.020000,-0.006000,6,10,0.100000,0.050000,1,0.005000,2.000000,0,0,0,1,0.000000,14710,13723,986,37
14736,131.055611,0.000000,0.020000,-0.006000,6,10,0.100000,0.050000,1,0.005000,2.000000,0,0,0,1,0.000000,14736,13749,986,37
14763,131.305434,0.000000,0.020000,-0.006000,6,10,0.100000,0.050000,1,0.005000,2.000000,0,0,0,1,0.000000,14763,13776,986,37
14790,131.554545,0.000000,0.020000,-0.006000,6,10,0.100000,0.050000,1,0.005000,2.000000,0,0,0,1,0.000000,14790,13803,986,37
14818,131.804510,0.000000,0.020000,-0.006000,6,10,0.100000,0.050000,1,0.005000,2.000000,0,0,0,1,0.000000,14818,13831,986,37
14844,132.054831,0.000000,0.020000,-0.006000,6,10,0.100000,0.050000,1,0.005000,2.000000,0,0,0,1,0.000000,14844,13857,986,37
14871,132.306324,0.000000,0.020000,-0.006000,6,10,0.100000,0.050000,1,0.005000,2.000000,0,0,0,1,0.000000,14871,13884,986,37
14903,132.554864,0.000000,0.020000,-0.006000,6,10,0.100000,0.050000,1,0.005000,2.000000,0,0,0,1,0.000000,14903,13916,986,37
14928,132.805092,0.000000,0.020000,-0.006000,6,10,0.100000,0.050000,1,0.005000,2.000000,0,0,0,1,0.000000,14928,13941,986,37
14955,133.055538,0.000000,0.020000,-0.006000,6,10,0.100000,0.050000,1,0.005000,2.000000,0,0,0,1,0.000000,14955,13968,986,37
14976,133.305610,0.000000,0.020000,-0.006000,6,10,0.100000,0.050000,1,0.005000,2.000000,0,0,0,1,0.000000,14976,13989,986,37
15009,133.555050,0.000000,0.020000,-0.006000,6,10,0.100000,0.050000,1,0.005000,2.000000,0,0,0,1,0.000000,15009,14022,986,37
15036,133.805118,0.000000,0.020000,-0.006000,6,10,0.100000,0.050000,1,0.005000,2.000000,0,0,0,1,0.000000,15036,14049,986,37
15061,134.055159,0.000000,0.020000,-0.006000,6,10,0.100000,0.050000,1,0.005000,2.000000,0,0,0,1,0.000000,15061,14074,986,37
15093,134.305154,0.000000,0.020000,-0.006000,6,10,0.100000,0.050000,1,0.005000,2.000000,0,0,0,1,0.000000,15093,14106,986,37
15123,134.555141,0.000000,0.020000,-0.006000,6,10,0.100000,0.050000,1,0.005000,2.000000,0,0,0,1,0.000000,15123,14136,986,37
15144,134.804574,0.000000,0.020000,-0.006000,6,10,0.100000,0.050000,1,0.005000,2.000000,0,0,0,1,0.000000,15144,14157,986,37
15173,135.054864,0.000000,0.020000,-0.006000,6,10,0.100000,0.050000,1,0.005000,2.000000,0,0,0,1,0.000000,15173,14186,986,37
15199,135.304791,0.000000,0.020000,-0.006000,6,10,0.100000,0.050000,1,0.005000,2.000000,0,0,0,1,0.000000,15199,14212,986,37
15228,135.554977,0.000000,0.020000,-0.006000,6,10,0.100000,0.050000,1,0.005000,2.000000,0,0,0,1,0.000000,15228,14241,986,37
15249,135.804867,0.000000,0.020000,-0.006000,6,10,0.100000,0.050000,1,0.005000,2.000000,0,0,0,1,0.000000,15249,14262,986,37
15280,136.055024,0.000000,0.020000,-0.006000,6,10,0.100000,0.050000,1,0.005000,2.000000,0,0,0,1,0.000000,15280,14293,986,37
15307,136.305004,0.000000,0.020000,-0.006000,6,10,0.100000,0.050000,1,0.005000,2.000000,0,0,0,1,0.000000,15307,14320,986,37
15345,136.554740,0.000000,0.020000,-0.006000,6,10,0.100000,0.050000,1,0.005000,2.000000,0,0,0,1,0.000000,15345,14358,986,37
15362,136.805524,0.000000,0.020000,-0.006000,6,10,0.100000,0.050000,1,0.005000,2.000000,0,0,0,1,0.000000,15362,14375,986,37
15391,137.055088,0.000000,0.020000,-0.006000,6,10,0.100000,0.050000,1,0.005000,2.000000,0,0,0,1,0.000000,15391,14404,986,37
15417,137.304857,0.000000,0.020000,-0.006000,6,10,0.100000,0.050000,1,0.005000,2.000000,0,0,0,1,0.000000,15417,14430,986,37
15445,137.554634,0.000000,0.020000,-0.006000,6,10,0.100000,0.050000,1,0.005000,2.000000,0,0,0,1,0.000000,15445,14458,986,37
15469,137.805167,0.000000,0.020000,-0.006000,6,10,0.100000,0.050000,1,0.005000,2.000000,0,0,0,1,0.000000,15469,14482,986,37
15495,138.055099,0.000000,0.020000,-0.006000,6,10,0.100000,0.050000,1,0.005000,2.000000,0,0,0,1,0.000000,15495,14508,986,37
15525,138.306399,0.000000,0.020000,-0.006000,6,10,0.100000,0.050000,1,0.005000,2.000000,0,0,0,1,0.000000,15525,14538,986,37
15566,138.555108,0.000000,0.020000,-0.006000,6,10,0.100000,0.050000,1,0.005000,2.000000,0,0,0,1,0.000000,15566,14579,986,37
15582,138.804566,0.000000,0.020000,-0.006000,6,10,0.100000,0.050000,1,0.005000,2.000000,0,0,0,1,0.000000,15582,14595,986,37
15606,139.054632,0.000000,0.020000,-0.006000,6,10,0.100000,0.050000,1,0.005000,2.000000,0,0,0,1,0.000000,15606,14619,986,37
15635,139.305112,0.000000,0.020000,-0.006000,6,10,0.100000,0.050000,1,0.005000,2.000000,0,0,0,1,0.000000,15635,14648,986,37
15662,139.554575,0.000000,0.020000,-0.006000,6,10,0.100000,0.050000,1,0.005000,2.000000,0,0,0,1,0.000000,15662,14675,986,37
15687,139.804996,0.000000,0.020000,-0.006000,6,10,0.100000,0.050000,1,0.005000,2.000000,0,0,0,1,0.000000,15687,14700,986,37
15716,140.055969,0.000000,0.020000,-0.006000,6,10,0.100000,0.050000,1,0.005000,2.000000,0,0,0,1,0.000000,15716,14729,986,37
15743,140.305667,0.000000,0.020000,-0.006000,6,10,0.100000,0.050000,1,0.005000,2.000000,0,0,0,1,0.000000,15743,14756,986,37
15775,140.555271,0.000000,0.020000,-0.006000,6,10,0.100000,0.050000,1,0.005000,2.000000,0,0,0,1,0.000000,15775,14788,986,37
15797,140.804979,0.000000,0.020000,-0.006000,6,10,0.100000,0.050000,1,0.005000,2.000000,0,0,0,1,0.000000,15797,14810,986,37
15827,141.055879,0.000000,0.020000,-0.006000,6,10,0.100000,0.050000,1,0.005000,2.000000,0,0,0,1,0.000000,15827,14840,986,37
15851,141.305290,0.000000,0.020000,-0.006000,6,10,0.100000,0.050000,1,0.005000,2.000000,0,0,0,1,0.000000,15851,14864,986,37
15880,141.555100,0.000000,0.020000,-0.006000,6,10,0.100000,0.050000,1,0.005000,2.000000,0,0,0,1,0.000000,15880,14893,986,37
15905,141.804719,0.000000,0.020000,-0.006000,6,10,0.100000,0.050000,1,0.005000,2.000000,0,0,0,1,0.000000,15905,14918,986,37
15932,142.055142,0.000000,0.020000,-0.006000,6,10,0.100000,0.050000,1,0.005000,2.000000,0,0,0,1,0.000000,15932,14945,986,37
15962,142.305589,0.000000,0.020000,-0.006000,6,10,0.100000,0.050000,1,0.005000,2.000000,0,0,0,1,0.000000,15962,14975,986,37
15985,142.555267,0.000000,0.020000,-0.006000,6,10,0.100000,0.050000,1,0.005000,2.000000,0,0,0,1,0.000000,15985,14998,986,37
16013,142.804565,0.000000,0.020000,-0.006000,6,10,0.100000,0.050000,1,0.005000,2.000000,0,0,0,1,0.000000,16013,15026,986,37
16040,143.055191,0.000000,0.020000,-0.006000,6,10,0.100000,0.050000,1,0.005000,2.000000,0,0,0,1,0.000000,16040,15053,986,37
16072,143.305116,0.000000,0.020000,-0.006000,6,10,0.100000,0.050000,1,0.005000,2.000000,0,0,0,1,0.000000,16072,15085,986,37
16095,143.555725,0.000000,0.020000,-0.006000,6,10,0.100000,0.050000,1,0.005000,2.000000,0,0,0,1,0.000000,16095,15108,986,37
16126,143.804891,0.000000,0.020000,-0.006000,6,10,0.100000,0.050000,1,0.005000,2.000000,0,0,0,1,0.000000,16126,15139,986,37
16149,144.054961,0.000000,0.020000,-0.006000,6,10,0.100000,0.050000,1,0.005000,2.000000,0,0,0,1,0.000000,16149,15162,986,37
16176,144.304735,0.000000,0.020000,-0.006000,6,10,0.100000,0.050000,1,0.005000,2.000000,0,0,0,1,0.000000,16176,15189,986,37
16207,144.554520,0.000000,0.020000,-0.006000,6,10,0.100000,0.050000,1,0.005000,2.000000,0,0,0,1,0.000000,16207,15220,986,37
16236,144.805194,0.000000,0.020000,-0.006000,6,10,0.100000,0.050000,1,0.005000,2.000000,0,0,0,1,0.000000,16236,15249,986,37
16260,145.054892,0.000000,0.020000,-0.006000,6,10,0.100000,0.050000,1,0.005000,2.000000,0,0,0,1,0.000000,16260,15273,986,37
16287,145.305163,0.000000,0.020000,-0.006000,6,10,0.100000,0.050000,1,0.005000,2.000000,0,0,0,1,0.000000,16287,15300,986,37
16316,145.554972,0.000000,0.020000,-0.006000,6,10,0.100000,0.050000,1,0.005000,2.000000,0,0,0,1,0.000000,16316,15329,986,37
16342,145.805363,0.000000,0.020000,-0.006000,6,10,0.100000,0.050000,1,0.005000,2.000000,0,0,0,1,0.000000,16342,15355,986,37
16368,146.055193,0.000000,0.020000,-0.006000,6,10,0.100000,0.050000,1,0.005000,2.000000,0,0,0,1,0.000000,16368,15381,986,37
16396,146.305220,0.000000,0.020000,-0.006000,6,10,0.100000,0.050000,1,0.005000,2.000000,0,0,0,1,0.000000,16396,15409,986,37
16422,146.556088,0.000000,0.020000,-0.006000,6,10,0.100000,0.050000,1,0.005000,2.000000,0,0,0,1,0.000000,16422,15435,986,37
16450,146.804978,0.000000,0.020000,-0.006000,6,10,0.100000,0.050000,1,0.005000,2.000000,0,0,0,1,0.000000,16450,15463,986,37
16477,147.055249,0.000000,0.020000,-0.006000,6,10,0.100000,0.050000,1,0.005000,2.000000,0,0,0,1,0.000000,16477,15490,986,37
16503,147.305627,0.000000,0.020000,-0.006000,6,10,0.100000,0.050000,1,0.005000,2.000000,0,0,0,1,0.000000,16503,15516,986,37
16533,147.555631,0.000000,0.020000,-0.006000,6,10,0.100000,0.050000,1,0.005000,2.000000,0,0,0,1,0.000000,16533,15546,986,37
16559,147.805014,0.000000,0.020000,-0.006000,6,10,0.100000,0.050000,1,0.005000,2.000000,0,0,0,1,0.000000,16559,15572,986,37
16587,148.054957,0.000000,0.020000,-0.006000,6,10,0.100000,0.050000,1,0.005000,2.000000,0,0,0,1,0.000000,16587,15600,986,37
16612,148.304593,0.000116,0.023761,-0.006000,6,10,0.100000,0.050000,1,0.005000,2.000000,0,0,0,1,0.000000,16612,15625,986,37
16643,148.555228,0.000000,0.020000,-0.006000,6,10,0.100000,0.050000,1,0.005000,2.000000,0,0,0,1,0.000000,16643,15656,986,37
16669,148.804885,0.000000,0.020000,-0.006000,6,10,0.100000,0.050000,1,0.005000,2.000000,0,0,0,1,0.000000,16669,15682,986,37
16698,149.055098,0.000000,0.020000,-0.006000,6,10,0.100000,0.050000,1,0.005000,2.000000,0,0,0,1,0.000000,16698,15711,986,37
16724,149.305898,0.000000,0.020000,-0.006000,6,10,0.100000,0.050000,1,0.005000,2.000000,0,0,0,1,0.000000,16724,15737,986,37
16752,149.554600,0.000000,0.020000,-0.006000,6,10,0.100000,0.050000,1,0.005000,2.000000,0,0,0,1,0.000000,16752,15765,986,37
16777,149.805759,0.000000,0.020000,-0.006000,6,10,0.100000,0.050000,1,0.005000,2.000000,0,0,0,1,0.000000,16777,15790,986,37
16805,150.054749,0.000000,0.020000,-0.006000,6,10,0.100000,0.050000,1,0.005000,2.000000,0,0,0,1,0.000000,16805,15818,986,37
16833,150.305176,0.000000,0.020000,-0.006000,6,10,0.100000,0.050000,1,0.005000,2.000000,0,0,0,1,0.000000,16833,15846,986,37
16860,150.554776,0.000000,0.020000,-0.006000,6,10,0.100000,0.050000,1,0.005000,2.000000,0,0,0,1,0.000000,16860,15873,986,37
16889,150.805007,0.000000,0.020000,-0.006000,6,10,0.100000,0.050000,1,0.005000,2.000000,0,0,0,1,0.000000,16889,15902,986,37
16915,151.055359,0.000000,0.020000,-0.006000,6,10,0.100000,0.050000,1,0.005000,2.000000,0,0,0,1,0.000000,16915,15928,986,37
16941,151.306028,0.000000,0.020000,-0.006000,6,10,0.100000,0.050000,1,0.005000,2.000000,0,0,0,1,0.000000,16941,15954,986,37
16968,151.556329,0.000000,0.020000,-0.006000,6,10,0.100000,0.050000,1,0.005000,2.000000,0,0,0,1,0.000000,16968,15981,986,37
16996,151.805640,0.000000,0.020000,-0.006000,6,10,0.100000,0.050000,1,0.005000,2.000000,0,0,0,1,0.000000,16996,16009,986,37
17024,152.055277,0.000000,0.020000,-0.006000,6,10,0.100000,0.050000,1,0.005000,2.000000,0,0,0,1,0.000000,17024,16037,986,37
17048,152.305301,0.000097,0.024005,-0.006000,6,10,0.100000,0.050000,1,0.005000,2.000000,0,0,0,1,0.000000,17048,16061,986,37
17077,152.554860,0.000000,0.020000,-0.006000,6,10,0.100000,0.050000,1,0.005000,2.000000,0,0,0,1,0.000000,17077,16090,986,37
17104,152.804477,0.000000,0.020000,-0.006000,6,10,0.100000,0.050000,1,0.005000,2.000000,0,0,0,1,0.000000,17104,16117,986,37
17133,153.054563,0.000000,0.020000,-0.006000,6,10,0.100000,0.050000,1,0.005000,2.000000,0,0,0,1,0.000000,17133,16146,986,37
17162,153.304820,0.000000,0.020000,-0.006000,6,10,0.100000,0.050000,1,0.005000,2.000000,0,0,0,1,0.000000,17162,16175,986,37
17189,153.555058,0.000000,0.020000,-0.006000,6,10,0.100000,0.050000,1,0.005000,2.000000,0,0,0,1,0.000000,17189,16202,986,37
17214,153.804909,0.000000,0.020000,-0.006000,6,10,0.100000,0.050000,1,0.005000,2.000000,0,0,0,1,0.000000,17214,16227,986,37
17239,154.055332,-0.000012,0.024040,-0.006000,6,10,0.100000,0.050000,1,0.005000,2.000000,0,0,0,1,0.000000,17239,16252,986,37
17266,154.304612,0.000059,0.024082,-0.006000,6,10,0.100000,0.050000,1,0.005000,2.000000,0,0,0,1,0.000000,17266,16279,986,37
17298,154.555715,0.000000,0.020000,-0.006000,6,10,0.100000,0.050000,1,0.005000,2.000000,0,0,0,1,0.000000,17298,16311,986,37
17322,154.810097,0.000073,0.023817,-0.006000,6,10,0.100000,0.050000,1,0.005000,2.000000,0,0,0,1,0.000000,17322,16335,986,37
17351,155.054805,0.000000,0.020000,-0.006000,6,10,0.100000,0.050000,1,0.005000,2.000000,0,0,0,1,0.000000,17351,16364,986,37
17378,155.304505,0.000000,0.020000,-0.006000,6,10,0.100000,0.050000,1,0.005000,2.000000,0,0,0,1,0.000000,17378,16391,986,37
17407,155.555038,0.000000,0.020000,-0.006000,6,10,0.100000,0.050000,1,0.005000,2.000000,0,0,0,1,0.000000,17407,16420,986,37
17432,155.804896,0.000000,0.020000,-0.006000,6,10,0.100000,0.050000,1,0.005000,2.000000,0,0,0,1,0.000000,17432,16445,986,37
17458,156.056495,0.000164,0.023727,-0.006000,6,10,0.100000,0.050000,1,0.005000,2.000000,0,0,0,1,0.000000,17458,16471,986,37
17484,156.304548,0.000084,0.023988,-0.006000,6,10,0.100000,0.050000,1,0.005000,2.000000,0,0,0,1,0.000000,17484,16497,986,37
17513,156.554506,0.000116,0.023757,-0.006000,6,10,0.100000,0.050000,1,0.005000,2.000000,0,0,0,1,0.000000,17513,16526,986,37
17541,156.804989,0.000000,0.020000,-0.006000,6,10,0.100000,0.050000,1,0.005000,2.000000,0,0,0,1,0.000000,17541,16554,986,37
17567,157.054894,0.000124,0.023804,-0.006000,6,10,0.100000,0.050000,1,0.005000,2.000000,0,0,0,1,0.000000,17567,16580,986,37
17599,157.304809,0.000000,0.020000,-0.006000,6,10,0.100000,0.050000,1,0.005000,2.000000,0,0,0,1,0.000000,17599,16612,986,37
17625,157.555534,0.000000,0.020000,-0.006000,6,10,0.100000,0.050000,1,0.005000,2.000000,0,0,0,1,0.000000,17625,16638,986,37
17652,157.804628,0.000000,0.020000,-0.006000,6,10,0.100000,0.050000,1,0.005000,2.000000,0,0,0,1,0.000000,17652,16665,986,37
17676,158.054732,-0.000034,0.023698,-0.006000,6,10,0.100000,0.050000,1,0.005000,2.000000,0,0,0,1,0.000000,17676,16689,986,37
17705,158.304764,0.000000,0.020000,-0.006000,6,10,0.100000,0.050000,1,0.005000,2.000000,0,0,0,1,0.000000,17705,16718,986,37
17734,158.555567,0.000000,0.020000,-0.006000,6,10,0.100000,0.050000,1,0.005000,2.000000,0,0,0,1,0.000000,17734,16747,986,37
17761,158.805547,0.000000,0.020000,-0.006000,6,10,0.100000,0.050000,1,0.005000,2.000000,0,0,0,1,0.000000,17761,16774,986,37
17786,159.054450,0.000000,0.020000,-0.006000,6,10,0.100000,0.050000,1,0.005000,2.000000,0,0,0,1,0.000000,17786,16799,986,37
17812,159.304737,0.000182,0.023912,-0.006000,6,10,0.100000,0.050000,1,0.005000,2.000000,0,0,0,1,0.000000,17812,16825,986,37
17844,159.555264,0.000000,0.020000,-0.006000,6,10,0.100000,0.050000,1,0.005000,2.000000,0,0,0,1,0.000000,17844,16857,986,37
17868,159.804597,0.000000,0.020000,-0.006000,6,10,0.100000,0.050000,1,0.005000,2.000000,0,0,0,1,0.000000,17868,16881,986,37
17895,160.055443,0.000000,0.020000,-0.006000,6,10,0.100000,0.050000,1,0.005000,2.000000,0,0,0,1,0.000000,17895,16908,986,37
17922,160.304988,0.000000,0.020000,-0.006000,6,10,0.100000,0.050000,1,0.005000,2.000000,0,0,0,1,0.000000,17922,16935,986,37
17948,160.555759,0.000143,0.023728,-0.006000,6,10,0.100000,0.050000,1,0.005000,2.000000,0,0,0,1,0.000000,17948,16961,986,37
17977,160.805166,0.000000,0.020000,-0.006000,6,10,0.100000,0.050000,1,0.005000,2.000000,0,0,0,1,0.000000,17977,16990,986,37
18002,161.055867,0.000120,0.023664,-0.006000,6,10,0.100000,0.050000,1,0.005000,2.000000,0,0,0,1,0.000000,18002,17015,986,37
18031,161.304922,0.000000,0.020000,-0.006000,6,10,0.100000,0.050000,1,0.005000,2.000000,0,0,0,1,0.000000,18031,17044,986,37
18061,161.555846,0.000000,0.020000,-0.006000,6,10,0.100000,0.050000,1,0.005000,2.000000,0,0,0,1,0.000000,18061,17074,986,37
18088,161.805380,0.000000,0.020000,-0.006000,6,10,0.100000,0.050000,1,0.005000,2.000000,0,0,0,1,0.000000,18088,17101,986,37
18116,162.055118,0.000000,0.020000,-0.006000,6,10,0.100000,0.050000,1,0.005000,2.000000,0,0,0,1,0.000000,18116,17129,986,37
18138,162.305611,0.000155,0.023722,-0.006000,6,10,0.100000,0.050000,1,0.005000,2.000000,0,0,0,1,0.000000,18138,17151,986,37
18166,162.554678,0.000164,0.023516,-0.006000,6,10,0.100000,0.050000,1,0.005000,2.000000,0,0,0,1,0.000000,18166,17179,986,37
18194,162.804966,0.000222,0.023450,-0.006000,6,10,0.100000,0.050000,1,0.005000,2.000000,0,0,0,1,0.000000,18194,17207,986,37
18220,163.055795,0.000237,0.023503,-0.006000,6,10,0.100000,0.050000,1,0.005000,2.000000,0,0,0,1,0.000000,18220,17233,986,37
18247,163.305203,0.000227,0.023700,-0.006000,6,10,0.100000,0.050000,1,0.005000,2.000000,0,0,0,1,0.000000,18247,17260,986,37
18278,163.555354,0.000000,0.020000,-0.006000,6,10,0.100000,0.050000,1,0.005000,2.000000,0,0,0,1,0.000000,18278,17291,986,37
18307,163.805038,0.000000,0.020000,-0.006000,6,10,0.100000,0.050000,1,0.005000,2.000000,0,0,0,1,0.000000,18307,17320,986,37
18331,164.055993,0.000000,0.020000,-0.006000,6,10,0.100000,0.050000,1,0.005000,2.000000,0,0,0,1,0.000000,18331,17344,986,37
18358,164.305217,0.000000,0.020000,-0.006000,6,10,0.100000,0.050000,1,0.005000,2.000000,0,0,0,1,0.000000,18358,17371,986,37
18387,164.554518,0.000000,0.020000,-0.006000,6,10,0.100000,0.050000,1,0.005000,2.000000,0,0,0,1,0.000000,18387,17400,986,37
18412,164.805088,0.000118,0.023614,-0.006000,6,10,0.100000,0.050000,1,0.005000,2.000000,0,0,0,1,0.000000,18412,17425,986,37
18442,165.055376,0.000000,0.020000,-0.006000,6,10,0.100000,0.050000,1,0.005000,2.000000,0,0,0,1,0.000000,18442,17455,986,37
18466,165.304586,0.000222,0.023951,-0.006000,6,10,0.100000,0.050000,1,0.005000,2.000000,0,0,0,1,0.000000,18466,17479,986,37
18496,165.556321,0.000000,0.020000,-0.006000,6,10,0.100000,0.050000,1,0.005000,2.000000,0,0,0,1,0.000000,18496,17509,986,37
18526,165.804793,0.000000,0.020000,-0.006000,6,10,0.100000,0.050000,1,0.005000,2.000000,0,0,0,1,0.000000,18526,17539,986,37
18548,166.055012,0.000127,0.023643,-0.006000,6,10,0.100000,0.050000,1,0.005000,2.000000,0,0,0,1,0.000000,18548,17561,986,37
18578,166.305190,0.000000,0.020000,-0.006000,6,10,0.100000,0.050000,1,0.005000,2.000000,0,0,0,1,0.000000,18578,17591,986,37
18602,166.555749,0.000076,0.023534,-0.006000,6,10,0.100000,0.050000,1,0.005000,2.000000,0,0,0,1,0.000000,18602,17615,986,37
18631,166.805424,0.000103,0.023590,-0.006000,6,10,0.100000,0.050000,1,0.005000,2.000000,0,0,0,1,0.000000,18631,17644,986,37
18656,167.055598,0.000133,0.023610,-0.006000,6,10,0.100000,0.050000,1,0.005000,2.000000,0,0,0,1,0.000000,18656,17669,986,37
18687,167.305393,0.000000,0.020000,-0.006000,6,10,0.100000,0.050000,1,0.005000,2.000000,0,0,0,1,0.000000,18687,17700,986,37
18714,167.554922,0.000000,0.020000,-0.006000,6,10,0.100000,0.050000,1,0.005000,2.000000,0,0,0,1,0.000000,18714,17727,986,37
18739,167.806436,0.000206,0.023362,-0.006000,6,10,0.100000,0.050000,1,0.005000,2.000000,0,0,0,1,0.000000,18739,17752,986,37
18767,168.054720,0.000235,0.023268,-0.006000,6,10,0.100000,0.050000,1,0.005000,2.000000,0,0,0,1,0.000000,18767,17780,986,37
18793,168.305085,0.000249,0.023391,-0.006000,6,10,0.100000,0.050000,1,0.005000,2.000000,0,0,0,1,0.000000,18793,17806,986,37
18823,168.555176,0.000000,0.020000,-0.006000,6,10,0.100000,0.050000,1,0.005000,2.000000,0,0,0,1,0.000000,18823,17836,986,37
18848,168.806230,0.000239,0.023103,-0.006000,6,10,0.100000,0.050000,1,0.005000,2.000000,0,0,0,1,0.000000,18848,17861,986,37
18875,169.055835,0.000269,0.023272,-0.006000,6,10,0.100000,0.050000,1,0.005000,2.000000,0,0,0,1,0.000000,18875,17888,986,37
18910,169.304445,0.000000,0.020000,-0.006000,6,10,0.100000,0.050000,1,0.005000,2.000000,0,0,0,1,0.000000,18910,17923,986,37
18932,169.555292,0.000000,0.020000,-0.006000,6,10,0.100000,0.050000,1,0.005000,2.000000,0,0,0,1,0.000000,18932,17945,986,37
18957,169.805367,0.000294,0.023137,-0.006000,6,10,0.100000,0.050000,1,0.005000,2.000000,0,0,0,1,0.000000,18957,17970,986,37
18988,170.056078,0.000000,0.020000,-0.006000,6,10,0.100000,0.050000,1,0.005000,2.000000,0,0,0,1,0.000000,18988,18001,986,37
19011,170.305246,0.000210,0.023621,-0.006000,6,10,0.100000,0.050000,1,0.005000,2.000000,0,0,0,1,0.000000,19011,18024,986,37
19041,170.555755,0.000000,0.020000,-0.006000,6,10,0.100000,0.050000,1,0.005000,2.000000,0,0,0,1,0.000000,19041,18054,986,37
19065,170.807021,0.000091,0.023538,-0.006000,6,10,0.100000,0.050000,1,0.005000,2.000000,0,0,0,1,0.000000,19065,18078,986,37
19093,171.055584,0.000075,0.023665,-0.006000,6,10,0.100000,0.050000,1,0.005000,2.000000,0,0,0,1,0.000000,19093,18106,986,37
19121,171.306652,-0.000039,0.023797,-0.006000,6,10,0.100000,0.050000,1,0.005000,2.000000,0,0,0,1,0.000000,19121,18134,986,37
19147,171.554797,-0.000028,0.023477,-0.006000,6,10,0.100000,0.050000,1,0.005000,2.000000,0,0,0,1,0.000000,19147,18160,986,37
19175,171.804969,-0.000035,0.023415,-0.006000,6,10,0.100000,0.050000,1,0.005000,2.000000,0,0,0,1,0.000000,19175,18188,986,37
19202,172.056550,-0.000036,0.023531,-0.006000,6,10,0.100000,0.050000,1,0.005000,2.000000,0,0,0,1,0.000000,19202,18215,986,37
19230,172.305963,-0.000006,0.023707,-0.006000,6,10,0.100000,0.050000,1,0.005000,2.000000,0,0,0,1,0.000000,19230,18243,986,37
19258,172.555301,-0.000027,0.023442,-0.006000,6,10,0.100000,0.050000,1,0.005000,2.000000,0,0,0,1,0.000000,19258,18271,986,37
19283,172.805707,-0.000056,0.023381,-0.006000,6,10,0.100000,0.050000,1,0.005000,2.000000,0,0,0,1,0.000000,19283,18296,986,37
19310,173.054917,-0.000037,0.023543,-0.006000,6,10,0.100000,0.050000,1,0.005000,2.000000,0,0,0,1,0.000000,19310,18323,986,37
19339,173.305810,0.000056,0.023831,-0.006000,6,10,0.100000,0.050000,1,0.005000,2.000000,0,0,0,1,0.000000,19339,18352,986,37
19365,173.555266,0.000105,0.023694,-0.006000,6,10,0.100000,0.050000,1,0.005000,2.000000,0,0,0,1,0.000000,19365,18378,986,37
19394,173.805421,0.000099,0.023700,-0.006000,6,10,0.100000,0.050000,1,0.005000,2.000000,0,0,0,1,0.000000,19394,18407,986,37
19421,174.054486,-0.000023,0.023787,-0.006000,6,10,0.100000,0.050000,1,0.005000,2.000000,0,0,0,1,0.000000,19421,18434,986,37
19447,174.305945,-0.000058,0.024018,-0.006000,6,10,0.100000,0.050000,1,0.005000,2.000000,0,0,0,1,0.000000,19447,18460,986,37
19479,174.554869,0.000000,0.020000,-0.006000,6,10,0.100000,0.050000,1,0.005000,2.000000,0,0,0,1,0.000000,19479,18492,986,37
19503,174.805795,0.000009,0.023797,-0.006000,6,10,0.100000,0.050000,1,0.005000,2.000000,0,0,0,1,0.000000,19503,18516,986,37
19529,175.054659,0.000054,0.023835,-0.006000,6,10,0.100000,0.050000,1,0.005000,2.000000,0,0,0,1,0.000000,19529,18542,986,37
19556,175.305431,0.000004,0.023976,-0.006000,6,10,0.100000,0.050000,1,0.005000,2.000000,0,0,0,1,0.000000,19556,18569,986,37
19589,175.555067,0.000000,0.020000,-0.006000,6,10,0.100000,0.050000,1,0.005000,2.000000,0,0,0,1,0.000000,19589,18602,986,37
19612,175.806741,0.000005,0.023724,-0.006000,6,10,0.100000,0.050000,1,0.005000,2.000000,0,0,0,1,0.000000,19612,18625,986,37
19638,176.054920,-0.000025,0.023910,-0.006000,6,10,0.100000,0.050000,1,0.005000,2.000000,0,0,0,1,0.000000,19638,18651,986,37
19667,176.305940,0.000008,0.024216,-0.006000,6,10,0.100000,0.050000,1,0.005000,2.000000,0,0,0,1,0.000000,19667,18680,986,37
19693,176.554464,0.000018,0.023978,-0.006000,6,10,0.100000,0.050000,1,0.005000,2.000000,0,0,0,1,0.000000,19693,18706,986,37
19720,176.804981,-0.000005,0.023938,-0.006000,6,10,0.100000,0.050000,1,0.005000,2.000000,0,0,0,1,0.000000,19720,18733,986,37
19747,177.055346,-0.000104,0.024053,-0.006000,6,10,0.100000,0.050000,1,0.005000,2.000000,0,0,0,1,0.000000,19747,18760,986,37
19774,177.306130,-0.000075,0.024189,-0.006000,6,10,0.100000,0.050000,1,0.005000,2.000000,0,0,0,1,0.000000,19774,18787,986,37
19803,177.560540,-0.000050,0.023917,-0.006000,6,10,0.100000,0.050000,1,0.005000,2.000000,0,0,0,1,0.000000,19803,18816,986,37
19830,177.804846,-0.000079,0.023897,-0.006000,6,10,0.100000,0.050000,1,0.005000,2.000000,0,0,0,1,0.000000,19830,18843,986,37
19856,178.055166,-0.000049,0.024028,-0.006000,6,10,0.100000,0.050000,1,0.005000,2.000000,0,0,0,1,0.000000,19856,18869,986,37
19887,178.305016,0.000000,0.020000,-0.006000,6,10,0.100000,0.050000,1,0.005000,2.000000,0,0,0,1,0.000000,19887,18900,986,37
19912,178.554463,-0.000058,0.023905,-0.006000,6,10,0.100000,0.050000,1,0.005000,2.000000,0,0,0,1,0.000000,19912,18925,986,37
19939,178.805484,-0.000007,0.023871,-0.006000,6,10,0.100000,0.050000,1,0.005000,2.000000,0,0,0,1,0.000000,19939,18952,986,37
19966,179.054883,-0.000062,0.023992,-0.006000,6,10,0.100000,0.050000,1,0.005000,2.000000,0,0,0,1,0.000000,19966,18979,986,37
19993,179.305602,-0.000072,0.024178,-0.006000,6,10,0.100000,0.050000,1,0.005000,2.000000,0,0,0,1,0.000000,19993,19006,986,37
20022,179.554951,-0.000066,0.023899,-0.006000,6,10,0.100000,0.050000,1,0.005000,2.000000,0,0,0,1,0.000000,20022,19035,986,37
20048,179.805847,-0.000012,0.023832,-0.006000,6,10,0.100000,0.050000,1,0.005000,2.000000,0,0,0,1,0.000000,20048,19061,986,37
20075,180.056547,-0.000035,0.023868,-0.006000,6,10,0.100000,0.050000,1,0.005000,2.000000,0,0,0,1,0.000000,20075,19088,986,37
20103,180.305513,-0.000076,0.023767,-0.006000,6,10,0.100000,0.050000,1,0.005000,2.000000,0,0,0,1,0.000000,20103,19116,986,37
20134,180.554618,0.000000,0.020000,-0.006000,6,10,0.100000,0.050000,1,0.005000,2.000000,0,0,0,1,0.000000,20134,19147,986,37
20160,180.804516,0.000000,0.020000,-0.006000,6,10,0.100000,0.050000,1,0.005000,2.000000,0,0,0,1,0.000000,20160,19173,986,37
20185,181.080018,-0.000035,0.023864,-0.006000,6,10,0.100000,0.050000,1,0.005000,2.000000,0,0,0,1,0.000000,20185,19198,986,37
20213,181.304893,0.000077,0.024174,-0.006000,6,10,0.100000,0.050000,1,0.005000,2.000000,0,0,0,1,0.000000,20213,19226,986,37
20240,181.554793,0.000155,0.023959,-0.006000,6,10,0.100000,0.050000,1,0.005000,2.000000,0,0,0,1,0.000000,20240,19253,986,37
20267,181.805273,0.000089,0.023978,-0.006000,6,10,0.100000,0.050000,1,0.005000,2.000000,0,0,0,1,0.000000,20267,19280,986,37
20293,182.056808,0.000126,0.023978,-0.006000,6,10,0.100000,0.050000,1,0.005000,2.000000,0,0,0,1,0.000000,20293,19306,986,37
