28,0.272136,0.000134,0.024175,-0.006000,6,10,0.050000,0.020000,1,0.000000,0.000000,0,0,0,1,0.000000,28,27,0,0
45,0.293006,0.000000,0.014142,-0.006000,6,10,0.050000,0.020000,1,0.000000,0.000000,0,0,0,1,0.000000,45,44,0,0
73,0.543440,0.000000,0.014142,-0.006000,6,10,0.050000,0.020000,1,0.000000,0.000000,0,0,0,1,0.000000,73,72,0,0
105,0.793318,0.000000,0.014142,-0.006000,6,10,0.050000,0.020000,1,0.000000,0.000000,0,0,0,1,0.000000,105,104,0,0
119,1.047014,0.000000,0.014142,-0.006000,6,10,0.050000,0.020000,1,0.000000,0.000000,0,0,0,1,0.000000,119,118,0,0
151,1.293557,0.000000,0.014142,-0.006000,6,10,0.050000,0.020000,1,0.000000,0.000000,0,0,0,1,0.000000,151,150,0,0
186,1.543089,0.000000,0.014142,-0.006000,6,10,0.050000,0.020000,1,0.000000,0.000000,0,0,0,1,0.000000,186,185,0,0
220,2.021344,0.000164,0.024129,-0.006000,6,10,0.050000,0.020000,1,0.000000,0.000000,0,0,0,1,0.000000,220,219,0,0
239,2.043193,0.000000,0.014142,-0.006000,6,10,0.050000,0.020000,1,0.000000,0.000000,0,0,0,1,0.000000,239,238,0,0
274,2.519751,0.000222,0.024214,-0.006000,6,10,0.050000,0.020000,1,0.000000,0.000000,0,0,0,1,0.000000,274,273,0,0
287,2.543628,0.000000,0.014142,-0.006000,6,10,0.050000,0.020000,1,0.000000,0.000000,0,0,0,1,0.000000,287,286,0,0
321,2.793140,0.000000,0.014142,-0.006000,6,10,0.050000,0.020000,1,0.000000,0.000000,0,0,0,1,0.000000,321,320,0,0
345,3.042920,0.000000,0.014142,-0.006000,6,10,0.050000,0.020000,1,0.000000,0.000000,0,0,0,1,0.000000,345,344,0,0
368,3.292823,0.000000,0.014142,-0.006000,6,10,0.050000,0.020000,1,0.000000,0.000000,0,0,0,1,0.000000,368,367,0,0
398,3.543640,0.000000,0.014142,-0.006000,6,10,0.050000,0.020000,1,0.000000,0.000000,0,0,0,1,0.000000,398,397,0,0
438,4.020799,-0.000071,0.023786,-0.006000,6,10,0.050000,0.020000,1,0.000000,0.000000,0,0,0,1,0.000000,438,437,0,0
453,4.042842,0.000000,0.014142,-0.006000,6,10,0.050000,0.020000,1,0.000000,0.000000,0,0,0,1,0.000000,453,452,0,0
479,4.294185,0.000000,0.014142,-0.006000,6,10,0.050000,0.020000,1,0.000000,0.000000,0,0,0,1,0.000000,479,478,0,0
500,4.544891,0.000000,0.014142,-0.006000,6,10,0.050000,0.020000,1,0.000000,0.000000,0,0,0,1,0.000000,500,499,0,0
557,4.792982,0.000000,0.014142,-0.006000,6,10,0.050000,0.020000,1,0.000000,0.000000,0,0,0,1,0.000000,557,556,0,11
584,5.043114,-0.000069,0.023937,-0.006000,6,10,0.050000,0.020000,1,0.000000,0.000000,0,0,0,1,0.000000,584,583,0,11
606,5.292878,-0.000056,0.023952,-0.006000,6,10,0.050000,0.020000,1,0.000000,0.000000,0,0,0,1,0.000000,606,605,0,11
636,5.543142,-0.000140,0.023727,-0.006000,6,10,0.050000,0.020000,1,0.000000,0.000000,0,0,0,1,0.000000,636,635,0,11
677,5.905185,0.000000,0.014142,-0.006000,6,10,0.050000,0.020000,1,0.000000,0.000000,0,0,0,1,0.000000,677,676,0,11
700,6.043586,-0.000185,0.023756,-0.006000,6,10,0.050000,0.020000,1,0.000000,0.000000,0,0,0,1,0.000000,700,699,0,11
713,6.295862,-0.000094,0.023678,-0.006000,6,10,0.050000,0.020000,1,0.000000,0.000000,0,0,0,1,0.000000,713,712,0,11
753,6.544191,-0.000168,0.023638,-0.006000,6,10,0.050000,0.020000,1,0.000000,0.000000,0,0,0,1,0.000000,753,752,0,11
770,6.795512,-0.000149,0.023645,-0.006000,6,10,0.050000,0.020000,1,0.000000,0.000000,0,0,0,1,0.000000,770,769,0,11
815,7.101812,0.000000,0.014142,-0.006000,6,10,0.050000,0.020000,1,0.000000,0.000000,0,0,0,1,0.000000,815,814,0,11
842,7.301173,0.000000,0.014142,-0.006000,6,10,0.050000,0.020000,1,0.000000,0.000000,0,0,0,1,0.000000,842,841,0,11
859,7.543059,-0.000218,0.023844,-0.006000,6,10,0.050000,0.020000,1,0.000000,0.000000,0,0,0,1,0.000000,859,858,0,11
905,7.793133,-0.000221,0.023914,0.003000,6,10,0.050000,0.020000,1,0.000000,0.000000,0,0,0,1,0.000000,905,904,0,15
927,8.043372,-0.000208,0.023768,0.003000,6,10,0.050000,0.020000,1,0.000000,0.000000,0,0,0,1,0.000000,927,926,0,15
947,8.292871,-0.000276,0.023108,0.003000,6,10,0.050000,0.020000,1,0.000000,0.000000,0,0,0,1,0.000000,947,946,0,15
988,8.543426,-0.000178,0.018513,0.003000,6,10,0.050000,0.020000,1,0.000000,0.000000,0,0,0,1,0.000000,988,987,0,15
1018,8.905811,0.000000,0.000000,0.003000,6,10,0.050000,0.020000,1,0.000000,0.000000,0,0,0,1,0.000000,1018,1017,0,15
1030,9.043547,-0.000075,0.010250,0.003000,6,10,0.050000,0.020000,1,0.000000,0.000000,0,0,0,1,0.000000,1030,1029,0,15
1072,9.300668,0.000000,0.000000,0.003000,6,10,0.050000,0.020000,1,0.000000,0.000000,0,0,0,1,0.000000,1072,1071,0,15
1084,9.543316,-0.000179,0.000321,0.003000,6,10,0.050000,0.020000,1,0.000000,0.000000,0,0,0,1,0.000000,1084,1083,0,15
1129,9.793137,-0.000181,0.001646,0.004000,6,10,0.050000,0.020000,1,0.000000,0.000000,0,0,0,1,0.000000,1129,1128,0,17
1149,10.043337,-0.000171,0.002737,0.004000,6,10,0.050000,0.020000,1,0.000000,0.000000,0,0,0,1,0.000000,1149,1148,0,17
1174,10.292892,-0.000209,0.003316,0.004000,6,10,0.050000,0.020000,1,0.000000,0.000000,0,0,0,1,0.000000,1174,1173,0,17
1203,10.543465,-0.000240,0.003360,0.004000,6,10,0.050000,0.020000,1,0.000000,0.000000,0,0,0,1,0.000000,1203,1202,0,17
1242,10.903330,0.000000,0.000000,0.004000,6,10,0.050000,0.020000,1,0.000000,0.000000,0,0,0,1,0.000000,1242,1241,0,17
1256,11.043252,-0.000323,0.002179,0.004000,6,10,0.050000,0.020000,1,0.000000,0.000000,0,0,0,1,0.000000,1256,1255,0,17
1285,11.293408,-0.063536,0.063546,0.007000,6,10,0.050000,0.020000,1,0.000000,0.000000,0,0,0,1,0.000000,1285,1284,0,17
1313,11.543057,-0.282828,0.282831,0.077000,6,10,0.050000,0.020000,1,0.000000,0.000000,0,0,0,1,0.000000,1313,1312,0,17
1344,11.793412,-0.595582,0.595589,0.149000,6,10,0.050000,0.020000,1,0.000000,0.000000,0,0,0,1,0.000000,1344,1343,0,17
1366,12.043043,-1.239266,1.239267,0.347000,6,10,0.050000,0.020000,1,0.000000,0.000000,0,0,0,1,0.000000,1366,1365,0,17
1398,12.293179,-1.169574,1.169586,0.577000,6,10,0.050000,0.020000,1,0.000000,0.000000,0,0,0,1,0.000000,1398,1397,0,17
1427,12.542982,-1.424689,1.424771,1.079000,6,10,0.050000,0.020000,1,0.000000,0.000000,0,0,0,1,0.000000,1427,1426,0,17
1451,12.793306,-1.624996,1.625055,1.390000,6,10,0.050000,0.020000,1,0.000000,0.000000,0,0,0,1,0.000000,1451,1450,0,17
1479,13.042834,-1.823648,1.823674,1.742000,6,10,0.050000,0.020000,1,0.000000,0.000000,0,0,0,1,0.000000,1479,1478,0,17
1506,13.293454,-2.029597,2.029601,2.136000,6,10,0.050000,0.020000,1,0.000000,0.000000,0,0,0,1,0.000000,1506,1505,0,17
1536,13.543585,-2.412211,2.412219,3.043000,6,10,0.050000,0.020000,1,0.000000,0.000000,0,0,0,1,0.000000,1536,1535,0,17
1562,13.793956,-2.501898,2.501917,3.542000,6,10,0.050000,0.020000,1,0.000000,0.000000,0,0,0,1,0.000000,1562,1561,0,17
1595,14.043455,-2.532239,2.532270,4.051000,6,10,0.050000,0.020000,1,0.000000,0.000000,0,0,0,1,0.000000,1595,1594,0,17
1619,14.293770,-2.530356,2.530394,4.566000,6,10,0.050000,0.020000,1,0.000000,0.000000,0,0,0,1,0.000000,1619,1618,0,17
1648,14.543153,-2.492557,2.492599,5.583000,6,10,0.050000,0.020000,1,0.000000,0.000000,0,0,0,1,0.000000,1648,1647,0,17
1678,14.793824,-2.476084,2.476127,6.083000,6,10,0.050000,0.020000,1,0.000000,0.000000,0,0,0,1,0.000000,1678,1677,0,17
1708,15.043394,-2.463349,2.463392,6.582000,6,10,0.050000,0.020000,1,0.000000,0.000000,0,0,0,1,0.000000,1708,1707,0,17
1730,15.293778,-2.389560,2.389608,7.076000,6,10,0.050000,0.020000,1,0.000000,0.000000,0,0,0,1,0.000000,1730,1729,0,17
1759,15.542900,-2.056135,2.056207,7.978000,6,10,0.050000,0.020000,1,0.000000,0.000000,0,0,0,1,0.000000,1759,1758,0,17
1788,15.793092,-1.847298,1.847391,8.372000,6,10,0.050000,0.020000,1,0.000000,0.000000,0,0,0,1,0.000000,1788,1787,0,17
1816,16.043318,-1.500000,1.500067,8.913000,6,10,0.050000,0.020000,1,0.000000,0.000000,0,0,0,1,0.000000,1816,1815,0,17
1833,16.293407,-1.230000,1.230081,9.259000,6,10,0.050000,0.020000,1,0.000000,0.000000,0,0,0,1,0.000000,1833,1832,0,17
1867,16.543152,-0.970000,0.970103,9.537000,6,10,0.050000,0.020000,1,0.000000,0.000000,0,0,0,1,0.000000,1867,1866,0,17
1896,16.793490,-0.720000,0.720347,9.749000,6,10,0.050000,0.020000,1,0.000000,0.000000,0,0,0,1,0.000000,1896,1895,0,17
1922,17.043515,-0.480000,0.480208,9.899000,6,10,0.050000,0.020000,1,0.000000,0.000000,0,0,0,1,0.000000,1922,1921,0,17
1945,17.293450,-0.230000,0.230434,9.987000,6,10,0.050000,0.020000,1,0.000000,0.000000,0,0,0,1,0.000000,1945,1944,0,17
1978,17.542870,-0.020000,0.024495,10.015000,6,10,0.050000,0.020000,1,0.000000,0.000000,0,0,0,1,0.000000,1978,1977,0,17
2004,17.792934,0.050000,0.051962,10.006000,6,10,0.050000,0.020000,1,0.000000,0.000000,0,0,0,1,0.000000,2004,2003,0,17
2034,18.042883,0.050000,0.051962,9.986000,6,10,0.050000,0.020000,1,0.000000,0.000000,0,0,0,1,0.000000,2034,2033,0,17
2051,18.293083,0.030000,0.033166,9.969000,6,10,0.050000,0.020000,1,0.000000,0.000000,0,0,0,1,0.000000,2051,2050,0,17
2076,18.543322,0.000000,0.010000,9.958000,6,10,0.050000,0.020000,1,0.000000,0.000000,0,0,0,1,0.000000,2076,2075,0,19
2106,18.793395,0.001707,0.014340,9.958000,6,10,0.050000,0.020000,1,0.000000,0.000000,0,0,0,1,0.000000,2106,2105,0,19
2147,19.043453,-0.021257,0.096051,9.954000,6,10,0.050000,0.020000,1,0.000000,0.000000,0,0,0,1,0.000000,2147,2146,0,19
2167,19.293709,-0.021045,0.373491,9.954000,6,10,0.050000,0.020000,1,0.000000,0.000000,0,0,0,1,0.000000,2167,2166,0,19
2195,19.543667,-0.019529,0.878168,9.955000,6,10,0.050000,0.020000,1,0.000000,0.000000,0,0,0,1,0.000000,2195,2194,0,19
2227,19.793176,-0.028806,2.191114,9.958000,6,10,0.050000,0.020000,1,0.000000,0.000000,0,0,0,1,0.000000,2227,2226,0,19
2265,20.043039,-0.032531,2.810501,9.961000,6,10,0.050000,0.020000,1,0.000000,0.000000,0,0,0,1,0.000000,2265,2264,0,19
2285,20.292826,-0.032236,3.361707,9.965000,6,10,0.050000,0.020000,1,0.000000,0.000000,0,0,0,1,0.000000,2285,2284,0,19
2310,20.543581,-0.028995,3.858973,9.970000,6,10,0.050000,0.020000,1,0.000000,0.000000,0,0,0,1,0.000000,2310,2309,0,19
2346,20.793709,-0.019758,4.743580,9.977000,6,10,0.050000,0.020000,1,0.000000,0.000000,0,0,0,1,0.000000,2346,2345,0,19
2375,21.042918,-0.015681,5.171909,9.980000,6,10,0.050000,0.020000,1,0.000000,0.000000,0,0,0,1,0.000000,2375,2374,0,19
2396,21.293424,-0.012089,5.607124,9.982000,6,10,0.050000,0.020000,1,0.000000,0.000000,0,0,0,1,0.000000,2396,2395,0,19
2430,21.543682,-0.009559,6.054682,9.984000,6,10,0.050000,0.020000,1,0.000000,0.000000,0,0,0,1,0.000000,2430,2429,0,19
2458,21.792940,-0.006721,6.979385,9.987000,6,10,0.050000,0.020000,1,0.000000,0.000000,0,0,0,1,0.000000,2458,2457,0,19
2489,22.043652,-0.009100,7.416267,9.989000,6,10,0.050000,0.020000,1,0.000000,0.000000,0,0,0,1,0.000020,2489,2488,0,19
2516,22.293513,-0.018065,7.757744,9.991000,6,10,0.050000,0.020000,1,0.000000,0.000000,0,0,1,1,0.000313,2516,2514,0,19
2541,22.543773,-0.028823,7.918290,9.997000,6,10,0.050000,0.020000,1,0.000000,0.000000,0,0,1,1,0.000685,2541,2539,0,19
2569,22.793812,-0.019593,7.562515,10.009000,6,10,0.050000,0.020000,1,0.000000,0.000000,0,0,2,1,0.001742,2569,2566,0,19
2600,23.043484,0.004152,7.085737,10.012000,6,10,0.050000,0.020000,1,0.000000,0.000000,0,0,2,1,0.003732,2600,2597,0,19
2631,23.293304,0.024699,6.520822,10.010000,6,10,0.050000,0.020000,1,0.000000,0.000000,0,0,5,1,0.005767,2631,2625,0,19
2656,23.543637,0.030937,5.968281,10.006000,6,10,0.050000,0.020000,1,0.000000,0.000000,0,0,5,1,0.004446,2656,2650,0,19
2683,23.793633,0.018266,5.003534,9.999000,6,10,0.050000,0.020000,1,0.000000,0.000000,0,0,4,1,0.005287,2683,2677,1,19
2715,24.042949,0.010832,4.562834,9.998000,6,10,0.050000,0.020000,1,0.000000,0.000000,0,0,6,1,0.005083,2715,2707,1,19
2748,24.293052,0.005869,4.121828,9.999000,6,10,0.050000,0.020000,1,0.000000,0.000000,0,0,10,1,0.006595,2748,2735,2,19
2770,24.544023,0.003653,3.668409,10.000000,6,10,0.050000,0.020000,1,0.000000,0.000000,0,0,9,1,0.011733,2770,2758,2,19
2808,24.793298,0.002313,2.683964,10.004000,6,10,0.050000,0.020000,1,0.000000,0.000000,0,0,10,1,0.007335,2808,2793,4,20
2828,25.043964,0.002580,2.158407,10.006000,6,10,0.050000,0.020000,1,0.000000,0.000000,0,0,8,1,0.006972,2828,2815,4,20
2863,25.293263,0.003207,1.613031,10.007000,6,10,0.050000,0.020000,1,0.000000,0.000000,0,0,12,1,0.014726,2863,2845,5,20
2886,25.542950,0.003991,1.052397,10.008000,6,10,0.050000,0.020000,1,0.000000,0.000000,0,0,6,1,0.015582,2886,2874,5,20
2920,25.792888,0.000897,0.054445,10.010000,6,10,0.050000,0.020000,1,0.000000,0.000000,0,0,11,1,0.012564,2920,2903,5,20
2943,26.043954,0.001975,0.256020,10.011000,6,10,0.050000,0.020000,1,0.000000,0.000000,0,0,7,1,0.008640,2943,2929,6,20
2980,26.293080,0.007376,0.324035,10.012000,6,10,0.050000,0.020000,1,0.000000,0.000000,0,0,14,0,0.000000,2980,2958,7,20
3001,26.543676,0.011858,0.290422,10.012000,6,10,0.050000,0.020000,1,0.000000,0.000000,0,0,9,1,0.012948,3001,2983,8,20
3034,26.793286,0.013222,0.144893,10.008000,6,10,0.050000,0.020000,1,0.000000,0.000000,0,0,9,1,0.014205,3034,3015,9,20
3059,27.042877,0.011638,0.083347,10.006000,6,10,0.050000,0.020000,1,0.000000,0.000000,0,0,7,1,0.009367,3059,3041,10,22
3090,27.293754,0.009516,0.039210,10.005000,6,10,0.050000,0.020000,1,0.000000,0.000000,0,0,8,1,0.015277,3090,3068,13,22
3115,27.542841,0.007946,0.067746,10.003000,6,10,0.050000,0.020000,1,0.000000,0.000000,0,0,8,1,0.012794,3115,3092,14,22
3147,27.793137,0.010109,0.823698,10.002000,6,10,0.050000,0.020000,1,0.000000,0.000000,0,0,10,1,0.013145,3147,3121,15,22
3175,28.046410,0.005723,1.442832,10.001000,6,10,0.050000,0.020000,1,0.000000,0.000000,0,0,8,1,0.015239,3175,3151,15,22
3207,28.293104,-0.000821,2.083509,10.001000,6,10,0.050000,0.020000,1,0.000000,0.000000,0,0,13,1,0.012916,3207,3177,16,22
3233,28.543121,-0.005141,2.683772,10.003000,6,10,0.050000,0.020000,1,0.000000,0.000000,0,0,10,1,0.016614,3233,3205,17,22
3265,28.793491,-0.004475,3.717665,10.006000,6,10,0.050000,0.020000,1,0.000000,0.000000,0,0,10,1,0.016435,3265,3234,20,22
3289,29.043349,-0.001361,4.173436,10.007000,6,10,0.050000,0.020000,1,0.000000,0.000000,0,0,7,1,0.009496,3289,3261,20,22
3324,29.293211,0.001625,4.613074,10.007000,6,10,0.050000,0.020000,1,0.000000,0.000000,0,0,15,1,0.011170,3324,3286,22,22
3345,29.542887,0.003708,5.050312,10.006000,6,10,0.050000,0.020000,1,0.000000,0.000000,0,0,10,1,0.017822,3345,3312,22,22
3377,29.793339,0.005575,5.945596,10.004000,6,10,0.050000,0.020000,1,0.000000,0.000000,0,0,10,1,0.015901,3377,3343,23,22
3410,30.043526,0.005735,6.408359,10.002000,6,10,0.050000,0.020000,1,0.000000,0.000000,0,0,15,1,0.012228,3410,3369,25,22
3438,30.293598,0.004869,6.875972,10.001000,6,10,0.050000,0.020000,1,0.000000,0.000000,0,0,15,1,0.015568,3438,3396,26,22
3460,30.542833,0.000792,7.319467,9.999000,6,10,0.050000,0.020000,1,0.000000,0.000000,0,0,10,1,0.022280,3460,3422,27,22
3486,30.796633,-0.022308,7.850558,10.001000,6,10,0.050000,0.020000,1,0.000000,0.000000,0,0,4,1,0.034571,3486,3454,27,22
3516,31.042851,-0.020000,7.714337,10.006000,6,10,0.050000,0.020000,1,0.000000,0.000000,0,0,7,1,0.032526,3516,3480,28,22
3543,31.293064,0.000000,7.237990,10.008000,6,10,0.050000,0.020000,1,0.000000,0.000000,0,0,7,1,0.019943,3543,3506,29,22
3574,31.544319,0.020000,6.555555,10.004000,6,10,0.050000,0.020000,1,0.000000,0.000000,0,0,10,1,0.033517,3574,3532,31,22
3606,31.793477,0.020000,5.860350,9.995000,6,10,0.050000,0.020000,1,0.000000,0.000000,0,0,13,1,0.041725,3606,3558,34,22
3634,32.043465,0.010000,5.241879,9.988000,6,10,0.050000,0.020000,1,0.000000,0.000000,0,0,13,1,0.024507,3634,3585,35,22
3657,32.292834,0.000000,4.673371,9.985000,6,10,0.050000,0.020000,1,0.000000,0.000000,0,0,7,1,0.038769,3657,3612,37,22
3683,32.543368,0.000000,4.120291,9.984000,6,10,0.050000,0.020000,1,0.000000,0.000000,0,0,7,1,0.019535,3683,3638,37,22
3716,32.793454,0.000000,3.559508,9.986000,6,10,0.050000,0.020000,1,0.000000,0.000000,0,0,10,1,0.038511,3716,3666,39,22
3747,33.043566,-0.010000,2.948796,9.989000,6,10,0.050000,0.020000,1,0.000000,0.000000,0,0,14,1,0.031261,3747,3693,39,22
3768,33.293212,-0.010000,2.303628,9.992000,6,10,0.050000,0.020000,1,0.000000,0.000000,0,0,7,1,0.020102,3768,3721,39,23
3799,33.543574,0.000000,1.628895,9.996000,6,10,0.050000,0.020000,1,0.000000,0.000000,0,0,10,0,0.000000,3799,3747,41,23
3830,33.793402,0.000000,0.932363,9.999000,6,10,0.050000,0.020000,1,0.000000,0.000000,0,0,11,1,0.024865,3830,3774,44,23
3854,34.042825,0.000000,0.252389,10.002000,6,10,0.050000,0.020000,1,0.000000,0.000000,0,0,8,1,0.030330,3854,3800,45,23
3883,34.294722,0.000000,0.197990,10.005000,6,10,0.050000,0.020000,1,0.000000,0.000000,0,0,9,1,0.021332,3883,3828,45,23
3911,34.543828,0.000000,0.339706,10.006000,6,10,0.050000,0.020000,1,0.000000,0.000000,0,0,8,1,0.041625,3911,3855,47,23
3940,34.793484,0.000000,0.296985,10.006000,6,10,0.050000,0.020000,1,0.000000,0.000000,0,0,7,1,0.039745,3940,3883,49,23
3967,35.043683,0.000000,0.205183,10.004000,6,10,0.050000,0.020000,1,0.000000,0.000000,0,0,7,1,0.020361,3967,3908,51,23
4000,35.293861,0.000000,0.122066,10.002000,6,10,0.050000,0.020000,1,0.000000,0.000000,0,0,9,1,0.038070,4000,3939,51,23
4024,35.543758,0.006934,0.131018,10.002000,6,10,0.050000,0.020000,1,0.000000,0.000000,0,0,5,1,0.030965,4024,3966,52,25
4056,35.796266,0.003781,0.113862,9.998000,6,10,0.050000,0.020000,1,0.000000,0.000000,0,0,4,1,0.038749,4056,3997,54,25
4083,36.043933,0.004775,0.378332,9.997000,6,10,0.050000,0.020000,1,0.000000,0.000000,0,0,4,1,0.039073,4083,4023,55,25
4113,36.293289,0.005709,0.863114,9.995000,6,10,0.050000,0.020000,1,0.000000,0.000000,0,0,7,1,0.019332,4113,4048,57,25
4147,36.543914,-0.006119,2.147754,9.994000,6,10,0.050000,0.020000,1,0.000000,0.000000,0,0,13,1,0.025886,4147,4075,58,25
4176,36.793663,-0.010656,2.759361,9.995000,6,10,0.050000,0.020000,1,0.000000,0.000000,0,0,11,0,0.000000,4176,4105,59,25
4199,37.043790,-0.012971,3.306420,9.997000,6,10,0.050000,0.020000,1,0.000000,0.000000,0,0,6,1,0.020944,4199,4131,61,25
4233,37.295187,-0.011823,3.789258,9.999000,6,10,0.050000,0.020000,1,0.000000,0.000000,0,0,10,1,0.039852,4233,4156,66,25
4261,37.543087,-0.005410,4.655685,10.000000,6,10,0.050000,0.020000,1,0.000000,0.000000,0,0,10,1,0.041224,4261,4182,68,25
4289,37.794014,-0.002868,5.083279,9.999000,6,10,0.050000,0.020000,1,0.000000,0.000000,0,0,8,1,0.037598,4289,4210,70,25
4315,38.044611,-0.001453,5.523477,9.997000,6,10,0.050000,0.020000,1,0.000000,0.000000,0,0,7,0,0.000000,4315,4237,70,25
4340,38.293250,-0.001016,5.978413,9.995000,6,10,0.050000,0.020000,1,0.000000,0.000000,0,0,4,1,0.026047,4340,4263,72,25
4377,38.545036,-0.003610,6.918270,9.991000,6,10,0.050000,0.020000,1,0.000000,0.000000,0,0,11,1,0.045773,4377,4289,76,25
4405,38.793779,-0.008328,7.359816,9.989000,6,10,0.050000,0.020000,1,0.000000,0.000000,0,0,10,1,0.028698,4405,4315,79,25
4430,39.043581,-0.018955,7.708044,9.989000,6,10,0.050000,0.020000,1,0.000000,0.000000,0,0,7,1,0.029300,4430,4340,82,25
4460,39.294536,-0.031880,7.879106,9.991000,6,10,0.050000,0.020000,1,0.000000,0.000000,0,0,9,1,0.033178,4460,4367,83,25
4490,39.543568,-0.027055,7.544584,9.997000,6,10,0.050000,0.020000,1,0.000000,0.000000,0,0,11,1,0.023836,4490,4394,84,25
4518,39.793546,-0.005543,7.076456,9.997000,6,10,0.050000,0.020000,1,0.000000,0.000000,0,0,8,1,0.032091,4518,4423,86,25
4550,40.043728,0.013793,6.513110,9.992000,6,10,0.050000,0.020000,1,0.000000,0.000000,0,0,11,1,0.030488,4550,4451,87,25
4579,40.293145,0.018605,5.956852,9.985000,6,10,0.050000,0.020000,1,0.000000,0.000000,0,0,13,1,0.020059,4579,4477,88,25
4612,40.542946,0.000996,4.979993,9.975000,6,10,0.050000,0.020000,1,0.000000,0.000000,0,0,18,1,0.020593,4612,4505,88,25
4639,40.793702,-0.009191,4.533444,9.974000,6,10,0.050000,0.020000,1,0.000000,0.000000,0,0,12,1,0.032226,4639,4537,89,25
4666,41.043119,-0.015910,4.089609,9.976000,6,10,0.050000,0.020000,1,0.000000,0.000000,0,0,10,1,0.019673,4666,4562,93,25
4691,41.293676,-0.018665,3.628452,9.978000,6,10,0.050000,0.020000,1,0.000000,0.000000,0,0,8,1,0.019536,4691,4587,95,25
4723,41.542827,-0.018091,2.646945,9.986000,6,10,0.050000,0.020000,1,0.000000,0.000000,0,0,13,1,0.025175,4723,4614,95,26
4752,41.793614,-0.015963,2.122428,9.990000,6,10,0.050000,0.020000,1,0.000000,0.000000,0,0,11,1,0.017289,4752,4643,97,26
4776,42.042899,-0.013421,1.580131,9.993000,6,10,0.050000,0.020000,1,0.000000,0.000000,0,0,7,1,0.019889,4776,4670,98,26
4803,42.294110,-0.010512,1.024593,9.996000,6,10,0.050000,0.020000,1,0.000000,0.000000,0,0,6,1,0.022506,4803,4697,99,26
4836,42.542893,-0.009345,0.067832,10.000000,6,10,0.050000,0.020000,1,0.000000,0.000000,0,0,10,1,0.017824,4836,4725,100,26
4865,42.793637,-0.007278,0.283242,10.002000,6,10,0.050000,0.020000,1,0.000000,0.000000,0,0,9,1,0.029242,4865,4755,100,26
4892,43.043096,-0.000258,0.348371,10.003000,6,10,0.050000,0.020000,1,0.000000,0.000000,0,0,8,1,0.026358,4892,4783,100,26
4918,43.292888,0.004608,0.309271,10.003000,6,10,0.050000,0.020000,1,0.000000,0.000000,0,0,6,1,0.017183,4918,4810,101,26
4965,43.542949,0.005987,0.152681,9.999000,6,10,0.050000,0.020000,1,0.000000,0.000000,0,0,24,1,0.025199,4965,4837,103,26
4980,43.793156,0.003912,0.088723,9.997000,6,10,0.050000,0.020000,1,0.000000,0.000000,0,0,8,1,0.016048,4980,4866,105,28
5007,44.043309,0.001313,0.050014,9.996000,6,10,0.050000,0.020000,1,0.000000,0.000000,0,0,8,1,0.025164,5007,4892,106,28
5034,44.293662,-0.000295,0.091108,9.994000,6,10,0.050000,0.020000,1,0.000000,0.000000,0,0,7,1,0.022105,5034,4920,106,28
5067,44.543439,0.001765,0.848971,9.992000,6,10,0.050000,0.020000,1,0.000000,0.000000,0,0,11,1,0.015181,5067,4946,109,28
5091,44.792918,-0.003441,1.468518,9.990000,6,10,0.050000,0.020000,1,0.000000,0.000000,0,0,4,1,0.018415,5091,4975,111,28
5125,45.043324,-0.010534,2.108466,9.990000,6,10,0.050000,0.020000,1,0.000000,0.000000,0,0,11,1,0.021545,5125,4999,114,28
5147,45.293151,-0.015238,2.705590,9.992000,6,10,0.050000,0.020000,1,0.000000,0.000000,0,0,5,1,0.013525,5147,5025,116,28
5187,45.543316,-0.014455,3.738010,9.995000,6,10,0.050000,0.020000,1,0.000000,0.000000,0,0,16,1,0.021329,5187,5053,117,28
5214,45.793083,-0.011439,4.191695,9.997000,6,10,0.050000,0.020000,1,0.000000,0.000000,0,0,13,1,0.015394,5214,5083,117,28
5234,46.043115,0.000000,4.849268,9.998000,6,10,0.050000,0.020000,1,0.000000,0.000000,0,0,7,1,0.013192,5234,5108,118,28
5261,46.293402,0.000000,5.403702,9.998000,6,10,0.050000,0.020000,1,0.000000,0.000000,0,0,7,1,0.012583,5261,5135,118,28
5292,46.542978,0.000000,5.973692,9.998000,6,10,0.050000,0.020000,1,0.000000,0.000000,0,0,9,1,0.011171,5292,5162,120,28
5322,46.793274,0.000000,6.549969,9.996000,6,10,0.050000,0.020000,1,0.000000,0.000000,0,0,11,1,0.013027,5322,5188,122,28
5347,47.043074,0.000000,7.126247,9.995000,6,10,0.050000,0.020000,1,0.000000,0.000000,0,0,8,1,0.011985,5347,5214,124,28
5376,47.293210,-0.010000,7.616653,9.994000,6,10,0.050000,0.020000,1,0.000000,0.000000,0,0,9,1,0.008335,5376,5241,125,28
5401,47.542830,-0.020000,7.858734,9.997000,6,10,0.050000,0.020000,1,0.000000,0.000000,0,0,6,1,0.010092,5401,5268,126,28
5431,47.792901,-0.020000,7.752522,10.002000,6,10,0.050000,0.020000,1,0.000000,0.000000,0,0,6,1,0.004592,5431,5298,126,28
5459,48.042916,-0.010000,7.304286,10.005000,6,10,0.050000,0.020000,1,0.000000,0.000000,0,0,4,1,0.002652,5459,5328,126,28
5488,48.292966,0.010000,6.629593,10.001000,6,10,0.050000,0.020000,1,0.000000,0.000000,0,0,3,1,0.001980,5488,5357,127,28
5516,48.543142,0.020000,5.931543,9.993000,6,10,0.050000,0.020000,1,0.000000,0.000000,0,0,2,1,0.001975,5516,5386,127,28
5547,48.793115,0.010000,5.299000,9.985000,6,10,0.050000,0.020000,1,0.000000,0.000000,0,0,2,1,0.001558,5547,5416,128,28
5575,49.042873,0.000000,4.736771,9.981000,6,10,0.050000,0.020000,1,0.000000,0.000000,0,0,2,1,0.000513,5575,5443,129,28
5599,49.293340,0.000000,4.188616,9.980000,6,10,0.050000,0.020000,1,0.000000,0.000000,0,0,1,1,0.000494,5599,5468,129,28
5626,49.543502,-0.010000,3.626417,9.982000,6,10,0.050000,0.020000,1,0.000000,0.000000,0,0,0,1,0.000102,5626,5496,129,28
5654,49.793545,-0.010000,3.022019,9.984000,6,10,0.050000,0.020000,1,0.000000,0.000000,0,0,0,1,0.000000,5654,5524,129,28
5685,50.043535,-0.010000,2.388033,9.988000,6,10,0.050000,0.020000,1,0.000000,0.000000,0,0,0,1,0.000000,5685,5555,129,29
5713,50.293043,-0.010000,1.713301,9.991000,6,10,0.050000,0.020000,1,0.000000,0.000000,0,0,0,1,0.000000,5713,5583,129,29
5743,50.544065,-0.010000,1.009009,9.994000,6,10,0.050000,0.020000,1,0.000000,0.000000,0,0,0,1,0.000000,5743,5613,129,29
5772,50.793024,-0.010000,0.319061,9.997000,6,10,0.050000,0.020000,1,0.000000,0.000000,0,0,0,1,0.000000,5772,5642,129,29
5799,51.043519,-0.010000,0.166733,10.000000,6,10,0.050000,0.020000,1,0.000000,0.000000,0,0,0,1,0.000000,5799,5669,129,29
5827,51.293843,0.000000,0.322025,10.002000,6,10,0.050000,0.020000,1,0.000000,0.000000,0,0,0,1,0.000000,5827,5697,129,29
5851,51.543025,0.000000,0.294109,10.002000,6,10,0.050000,0.020000,1,0.000000,0.000000,0,0,0,1,0.000000,5851,5721,129,29
5884,51.793818,0.000000,0.202485,10.000000,6,10,0.050000,0.020000,1,0.000000,0.000000,0,0,0,1,0.000000,5884,5754,129,29
5912,52.043306,0.000000,0.116619,9.998000,6,10,0.050000,0.020000,1,0.000000,0.000000,0,0,0,1,0.000000,5912,5782,129,29
5936,52.292998,0.000000,0.063246,9.997000,6,10,0.050000,0.020000,1,0.000000,0.000000,0,0,0,1,0.000000,5936,5806,129,31
5966,52.543604,0.001343,0.067268,9.997000,6,10,0.050000,0.020000,1,0.000000,0.000000,0,0,0,1,0.000000,5966,5836,129,31
5995,52.792965,-0.000707,0.072361,9.996000,6,10,0.050000,0.020000,1,0.000000,0.000000,0,0,0,1,0.000000,5995,5865,129,31
6029,53.043291,0.001963,0.362972,9.995000,6,10,0.050000,0.020000,1,0.000000,0.000000,0,0,0,1,0.000000,6029,5899,129,31
6056,53.292884,0.003131,0.870976,9.994000,6,10,0.050000,0.020000,1,0.000000,0.000000,0,0,0,1,0.000000,6056,5926,129,31
6087,53.543338,-0.009112,2.138414,9.992000,6,10,0.050000,0.020000,1,0.000000,0.000000,0,0,0,1,0.000000,6087,5957,129,31
6114,53.793022,-0.013483,2.735961,9.993000,6,10,0.050000,0.020000,1,0.000000,0.000000,0,0,0,1,0.000000,6114,5984,129,31
6139,54.044521,-0.014283,3.277822,9.995000,6,10,0.050000,0.020000,1,0.000000,0.000000,0,0,0,1,0.000000,6139,6009,129,31
6171,54.293936,-0.013094,3.769269,9.996000,6,10,0.050000,0.020000,1,0.000000,0.000000,0,0,0,1,0.000000,6171,6041,129,31
6201,54.543674,-0.007273,4.670350,9.999000,6,10,0.050000,0.020000,1,0.000000,0.000000,0,0,0,1,0.000000,6201,6071,129,31
6231,54.793143,-0.004672,5.113366,9.999000,6,10,0.050000,0.020000,1,0.000000,0.000000,0,0,0,1,0.000000,6231,6101,129,31
6255,55.044195,-0.002767,5.563942,9.999000,6,10,0.050000,0.020000,1,0.000000,0.000000,0,0,0,1,0.000000,6255,6125,129,31
6283,55.293230,-0.001402,6.017657,9.998000,6,10,0.050000,0.020000,1,0.000000,0.000000,0,0,0,1,0.000000,6283,6153,129,31
6315,55.544187,-0.001483,6.947888,9.995000,6,10,0.050000,0.020000,1,0.000000,0.000000,0,0,0,1,0.000000,6315,6185,129,31
6342,55.793337,-0.005643,7.381088,9.994000,6,10,0.050000,0.020000,1,0.000000,0.000000,0,0,0,1,0.000000,6342,6212,129,31
6370,56.043897,-0.016295,7.714480,9.995000,6,10,0.050000,0.020000,1,0.000000,0.000000,0,0,0,1,0.000000,6370,6240,129,31
6400,56.293379,-0.027780,7.860154,9.997000,6,10,0.050000,0.020000,1,0.000000,0.000000,0,0,0,1,0.000000,6400,6270,129,31
6429,56.543301,-0.019330,7.487103,10.004000,6,10,0.050000,0.020000,1,0.000000,0.000000,0,0,0,1,0.000000,6429,6299,129,31
6461,56.793241,0.002833,7.006173,10.004000,6,10,0.050000,0.020000,1,0.000000,0.000000,0,0,0,1,0.000000,6461,6331,129,31
6485,57.043258,0.021073,6.435652,9.999000,6,10,0.050000,0.020000,1,0.000000,0.000000,0,0,0,1,0.000000,6485,6355,129,31
6512,57.293069,0.024489,5.886083,9.992000,6,10,0.050000,0.020000,1,0.000000,0.000000,0,0,0,1,0.000000,6512,6382,129,31
6544,57.542931,0.006178,4.925224,9.981000,6,10,0.050000,0.020000,1,0.000000,0.000000,0,0,0,1,0.000000,6544,6414,129,31
6576,57.793348,-0.003647,4.486051,9.979000,6,10,0.050000,0.020000,1,0.000000,0.000000,0,0,0,1,0.000000,6576,6446,129,31
6600,58.044271,-0.010535,4.045783,9.979000,6,10,0.050000,0.020000,1,0.000000,0.000000,0,0,0,1,0.000000,6600,6470,129,31
6627,58.293280,-0.014277,3.588702,9.981000,6,10,0.050000,0.020000,1,0.000000,0.000000,0,0,0,1,0.000000,6627,6497,129,31
6657,58.544569,-0.015996,2.604973,9.986000,6,10,0.050000,0.020000,1,0.000000,0.000000,0,0,0,1,0.000000,6657,6527,129,32
6689,58.793591,-0.015380,2.077218,9.989000,6,10,0.050000,0.020000,1,0.000000,0.000000,0,0,0,1,0.000000,6689,6559,129,32
6713,59.043462,-0.014098,1.528576,9.991000,6,10,0.050000,0.020000,1,0.000000,0.000000,0,0,0,1,0.000000,6713,6583,129,32
6745,59.293891,-0.012240,0.962053,9.994000,6,10,0.050000,0.020000,1,0.000000,0.000000,0,0,0,1,0.000000,6745,6615,129,32
6771,59.543533,-0.012628,0.060195,9.998000,6,10,0.050000,0.020000,1,0.000000,0.000000,0,0,0,1,0.000000,6771,6641,129,32
6798,59.793853,-0.009873,0.307350,10.000000,6,10,0.050000,0.020000,1,0.000000,0.000000,0,0,0,1,0.000000,6798,6668,129,32
6830,60.043521,-0.003090,0.363611,10.001000,6,10,0.050000,0.020000,1,0.000000,0.000000,0,0,0,1,0.000000,6830,6700,129,32
6856,60.293941,0.002166,0.320083,10.001000,6,10,0.050000,0.020000,1,0.000000,0.000000,0,0,0,1,0.000000,6856,6726,129,32
6889,60.543331,0.003454,0.159630,9.998000,6,10,0.050000,0.020000,1,0.000000,0.000000,0,0,0,1,0.000000,6889,6759,129,32
6918,60.793113,0.001473,0.093363,9.996000,6,10,0.050000,0.020000,1,0.000000,0.000000,0,0,0,1,0.000000,6918,6788,129,33
6946,61.042910,0.000000,0.030000,9.994000,6,10,0.050000,0.020000,1,0.000000,0.000000,0,0,0,1,0.000000,6946,6816,129,33
6974,61.293279,-0.050000,0.053852,9.999000,6,10,0.050000,0.020000,1,0.000000,0.000000,0,0,0,1,0.000000,6974,6844,129,33
6999,61.542883,-0.160000,0.160312,10.024000,6,10,0.050000,0.020000,1,0.000000,0.000000,0,0,0,1,0.000000,6999,6869,129,33
7031,61.793479,-0.320000,0.320000,10.082000,6,10,0.050000,0.020000,1,0.000000,0.000000,0,0,0,1,0.000000,7031,6901,129,33
7058,62.043384,-0.520000,0.520000,10.187000,6,10,0.050000,0.020000,1,0.000000,0.000000,0,0,0,1,0.000000,7058,6928,129,33
7086,62.293450,-0.760000,0.760000,10.347000,6,10,0.050000,0.020000,1,0.000000,0.000000,0,0,0,1,0.000000,7086,6956,129,33
7114,62.544021,-0.980000,0.980051,10.565000,6,10,0.050000,0.020000,1,0.000000,0.000000,0,0,0,1,0.000000,7114,6984,129,33
7138,62.792980,-0.989400,0.989478,10.565000,6,10,0.050000,0.020000,1,0.000000,0.000000,0,0,0,1,0.000000,7138,7008,129,33
7171,63.043137,-1.400000,1.400036,11.171000,6,10,0.050000,0.020000,1,0.000000,0.000000,0,0,0,1,0.000000,7171,7041,129,33
7199,63.292898,-1.530000,1.530033,11.543000,6,10,0.050000,0.020000,1,0.000000,0.000000,0,0,0,1,0.000000,7199,7069,129,33
7227,63.543389,-1.610000,1.610031,11.941000,6,10,0.050000,0.020000,1,0.000000,0.000000,0,0,0,1,0.000000,7227,7097,129,33
7253,63.793428,-1.630000,1.630031,12.353000,6,10,0.050000,0.020000,1,0.000000,0.000000,0,0,0,1,0.000000,7253,7123,129,33
7281,64.043275,-1.610000,1.610062,12.766000,6,10,0.050000,0.020000,1,0.000000,0.000000,0,0,0,1,0.000000,7281,7151,129,33
7311,64.293582,-1.580000,1.580063,13.171000,6,10,0.050000,0.020000,1,0.000000,0.000000,0,0,0,1,0.000000,7311,7181,129,33
7338,64.543846,-1.510000,1.510066,13.563000,6,10,0.050000,0.020000,1,0.000000,0.000000,0,0,0,1,0.000000,7338,7208,129,33
7366,64.793931,-1.390000,1.390144,13.930000,6,10,0.050000,0.020000,1,0.000000,0.000000,0,0,0,1,0.000000,7366,7236,129,33
7394,65.043156,-1.210000,1.211033,14.260000,6,10,0.050000,0.020000,1,0.000000,0.000000,0,0,0,1,0.000000,7394,7264,129,33
7421,65.292843,-1.214221,1.215390,14.260000,6,10,0.050000,0.020000,1,0.000000,0.000000,0,0,0,1,0.000000,7421,7291,129,33
7449,65.544478,-0.981094,0.995421,14.537000,6,10,0.050000,0.020000,1,0.000000,0.000000,0,0,0,1,0.000000,7449,7319,129,33
7481,65.794056,-0.470000,0.780961,14.903000,6,10,0.050000,0.020000,1,0.000000,0.000000,0,0,0,1,0.000000,7481,7351,129,33
7510,66.043366,-0.240000,0.996243,14.991000,6,10,0.050000,0.020000,1,0.000000,0.000000,0,0,0,1,0.000000,7510,7380,129,33
7538,66.293124,-0.070000,1.364918,15.028000,6,10,0.050000,0.020000,1,0.000000,0.000000,0,0,0,1,0.000000,7538,7408,129,33
7569,66.543735,0.030000,1.818626,15.029000,6,10,0.050000,0.020000,1,0.000000,0.000000,0,0,0,1,0.000000,7569,7439,129,33
7593,66.792939,0.033540,1.828492,15.029000,6,10,0.050000,0.020000,1,0.000000,0.000000,0,0,0,1,0.000000,7593,7463,129,33
7622,67.043272,0.072324,2.328965,15.011000,6,10,0.050000,0.020000,1,0.000000,0.000000,0,0,0,1,0.000000,7622,7492,129,33
7654,67.293418,0.020000,3.417923,14.974000,6,10,0.050000,0.020000,1,0.000000,0.000000,0,0,0,1,0.000000,7654,7524,129,33
7678,67.546425,0.022645,3.423574,14.974000,6,10,0.050000,0.020000,1,0.000000,0.000000,0,0,0,1,0.000000,7678,7548,129,33
7708,67.793869,-0.020000,4.511153,14.965000,6,10,0.050000,0.020000,1,0.000000,0.000000,0,0,0,1,0.000000,7708,7578,129,33
7738,68.043285,-0.030000,5.017549,14.966000,6,10,0.050000,0.020000,1,0.000000,0.000000,0,0,0,1,0.000000,7738,7608,129,33
7763,68.295317,-0.032885,5.024380,14.966000,6,10,0.050000,0.020000,1,0.000000,0.000000,0,0,0,1,0.000000,7763,7633,129,33
7791,68.544006,-0.033485,5.532387,14.970000,6,10,0.050000,0.020000,1,0.000000,0.000000,0,0,0,1,0.000000,7791,7661,129,33
7821,68.794919,-0.020000,6.566156,14.975000,6,10,0.050000,0.020000,1,0.000000,0.000000,0,0,0,1,0.000000,7821,7691,129,33
7853,69.043500,-0.020000,7.102119,14.976000,6,10,0.050000,0.020000,1,0.000000,0.000000,0,0,0,1,0.000000,7853,7723,129,33
7876,69.293617,-0.021098,7.108397,14.976000,6,10,0.050000,0.020000,1,0.000000,0.000000,0,0,0,1,0.000000,7876,7746,129,33
7906,69.543845,-0.020000,8.054005,14.978000,6,10,0.050000,0.020000,1,0.000000,0.000000,0,0,0,1,0.000000,7906,7776,129,33
7933,69.796403,-0.020896,8.055508,14.978000,6,10,0.050000,0.020000,1,0.000000,0.000000,0,0,0,1,0.000000,7933,7803,129,33
7960,70.044143,-0.019876,8.432490,14.979000,6,10,0.050000,0.020000,1,0.000000,0.000000,0,0,0,1,0.000000,7960,7830,129,33
7987,70.292881,-0.019265,8.753348,14.980000,6,10,0.050000,0.020000,1,0.000000,0.000000,0,0,0,1,0.000000,7987,7857,129,33
8017,70.543731,-0.018741,9.026544,14.981000,6,10,0.050000,0.020000,1,0.000000,0.000000,0,0,0,1,0.000000,8017,7887,129,33
8046,70.793504,-0.018484,9.254173,14.982000,6,10,0.050000,0.020000,1,0.000000,0.000000,0,0,0,1,0.000000,8046,7916,129,33
8074,71.048237,-0.018602,9.434041,14.983000,6,10,0.050000,0.020000,1,0.000000,0.000000,0,0,0,1,0.000000,8074,7944,129,33
8106,71.293621,-0.020000,9.640379,14.986000,6,10,0.050000,0.020000,1,0.000000,0.000000,0,0,0,1,0.000000,8106,7976,129,33
8131,71.543677,-0.020232,9.643178,14.986000,6,10,0.050000,0.020000,1,0.000000,0.000000,0,0,0,1,0.000000,8131,8001,129,33
8161,71.793698,-0.010000,9.673247,14.989000,6,10,0.050000,0.020000,1,0.000000,0.000000,0,0,0,1,0.000000,8161,8031,129,33
8187,72.043421,-0.016576,9.674473,14.989000,6,10,0.050000,0.020000,1,0.000000,0.000000,0,0,0,1,0.000000,8187,8057,129,33
8216,72.294804,-0.011854,9.684626,14.990000,6,10,0.050000,0.020000,1,0.000000,0.000000,0,0,0,1,0.000309,8216,8086,129,33
8244,72.543805,-0.008707,9.714447,14.989000,6,10,0.050000,0.020000,1,0.000000,0.000000,0,0,1,1,0.000685,8244,8113,129,33
8273,72.793278,-0.007956,9.757671,14.989000,6,10,0.050000,0.020000,1,0.000000,0.000000,0,0,1,1,0.001582,8273,8142,129,33
8300,73.045981,-0.008914,9.800491,14.988000,6,10,0.050000,0.020000,1,0.000000,0.000000,0,0,0,1,0.001960,8300,8170,129,33
8329,73.294843,-0.010126,9.837214,14.988000,6,10,0.050000,0.020000,1,0.000000,0.000000,0,0,1,1,0.002636,8329,8198,129,33
8356,73.542995,-0.010652,9.867478,14.988000,6,10,0.050000,0.020000,1,0.000000,0.000000,0,0,1,1,0.004993,8356,8225,129,33
8385,73.793200,-0.010935,9.890281,14.988000,6,10,0.050000,0.020000,1,0.000000,0.000000,0,0,1,1,0.004114,8385,8254,129,33
8413,74.044963,-0.011799,9.905539,14.989000,6,10,0.050000,0.020000,1,0.000000,0.000000,0,0,1,1,0.003479,8413,8282,129,33
8441,74.294491,-0.011235,9.914934,14.989000,6,10,0.050000,0.020000,1,0.000000,0.000000,0,0,1,1,0.007214,8441,8310,129,33
8471,74.546093,-0.010000,9.919884,14.989000,6,10,0.050000,0.020000,1,0.000000,0.000000,0,0,3,1,0.005577,8471,8338,129,33
8497,74.792869,-0.010072,9.928009,14.989000,6,10,0.050000,0.020000,1,0.000000,0.000000,0,0,0,1,0.004579,8497,8367,129,33
8527,75.043022,-0.009746,9.932855,14.989000,6,10,0.050000,0.020000,1,0.000000,0.000000,0,0,2,1,0.009723,8527,8395,129,33
8558,75.294015,0.000000,9.929738,14.989000,6,10,0.050000,0.020000,1,0.000000,0.000000,0,0,5,1,0.008158,8558,8423,129,33
8582,75.543464,-0.009677,9.939737,14.989000,6,10,0.050000,0.020000,1,0.000000,0.000000,0,0,1,1,0.009358,8582,8450,130,33
8611,75.793188,-0.009695,9.943976,14.990000,6,10,0.050000,0.020000,1,0.000000,0.000000,0,0,1,1,0.004274,8611,8479,130,33
8640,76.043603,-0.009122,9.946598,14.990000,6,10,0.050000,0.020000,1,0.000000,0.000000,0,0,2,1,0.006587,8640,8507,130,33
8668,76.292962,-0.008499,9.948492,14.990000,6,10,0.050000,0.020000,1,0.000000,0.000000,0,0,2,1,0.005708,8668,8535,130,33
8695,76.546331,-0.008513,9.951707,14.991000,6,10,0.050000,0.020000,1,0.000000,0.000000,0,0,1,1,0.003452,8695,8562,131,33
8724,76.794463,-0.010100,9.946736,14.991000,6,10,0.050000,0.020000,1,0.000000,0.000000,0,0,1,1,0.003693,8724,8591,131,33
8752,77.045021,-0.015003,9.896744,14.992000,6,10,0.050000,0.020000,1,0.000000,0.000000,0,0,1,1,0.002398,8752,8619,131,33
8779,77.293828,-0.018650,9.771727,14.994000,6,10,0.050000,0.020000,1,0.000000,0.000000,0,0,0,1,0.002434,8779,8647,131,33
8809,77.544202,-0.018594,9.570644,14.996000,6,10,0.050000,0.020000,1,0.000000,0.000000,0,0,1,1,0.001377,8809,8676,131,33
8839,77.793528,-0.010000,8.964697,14.999000,6,10,0.050000,0.020000,1,0.000000,0.000000,0,0,1,1,0.000411,8839,8706,131,33
8867,78.043805,0.000000,8.571820,14.999000,6,10,0.050000,0.020000,1,0.000000,0.000000,0,0,0,1,0.000042,8867,8735,131,33
8893,78.293629,-0.005725,8.578428,14.999000,6,10,0.050000,0.020000,1,0.000000,0.000000,0,0,0,1,0.000032,8893,8761,131,33
8922,78.544438,-0.000561,8.129294,14.997000,6,10,0.050000,0.020000,1,0.000000,0.000000,0,0,0,1,0.000000,8922,8790,131,33
8950,78.793177,0.003942,7.619653,14.994000,6,10,0.050000,0.020000,1,0.000000,0.000000,0,0,0,1,0.000000,8950,8818,131,33
8980,79.044160,0.000000,6.406887,14.987000,6,10,0.050000,0.020000,1,0.000000,0.000000,0,0,0,1,0.000000,8980,8848,131,33
9007,79.293205,0.008611,6.412036,14.987000,6,10,0.050000,0.020000,1,0.000000,0.000000,0,0,0,1,0.000000,9007,8875,131,33
9033,79.542985,0.005030,5.760277,14.982000,6,10,0.050000,0.020000,1,0.000000,0.000000,0,0,0,1,0.000000,9033,8901,131,33
9063,79.796966,-0.002109,5.109994,14.980000,6,10,0.050000,0.020000,1,0.000000,0.000000,0,0,0,1,0.000000,9063,8931,131,33
9091,80.046293,-0.009375,4.462949,14.979000,6,10,0.050000,0.020000,1,0.000000,0.000000,0,0,0,1,0.000000,9091,8959,131,33
9120,80.293751,-0.014705,3.817136,14.979000,6,10,0.050000,0.020000,1,0.000000,0.000000,0,0,0,1,0.000000,9120,8988,131,33
9147,80.546333,-0.017813,3.166230,14.981000,6,10,0.050000,0.020000,1,0.000000,0.000000,0,0,0,1,0.000000,9147,9015,131,33
9177,80.794279,-0.018928,2.517363,14.983000,6,10,0.050000,0.020000,1,0.000000,0.000000,0,0,0,1,0.000000,9177,9045,131,33
9204,81.042913,-0.019171,1.905316,14.985000,6,10,0.050000,0.020000,1,0.000000,0.000000,0,0,0,1,0.000000,9204,9072,131,33
9233,81.293832,-0.017647,1.368487,14.987000,6,10,0.050000,0.020000,1,0.000000,0.000000,0,0,0,1,0.000000,9233,9101,131,33
9260,81.545247,-0.015181,0.917389,14.988000,6,10,0.050000,0.020000,1,0.000000,0.000000,0,0,0,1,0.000000,9260,9128,131,33
9289,81.793440,-0.012714,0.546714,14.988000,6,10,0.050000,0.020000,1,0.000000,0.000000,0,0,0,1,0.000000,9289,9157,131,33
9317,82.043610,-0.010880,0.253432,14.988000,6,10,0.050000,0.020000,1,0.000000,0.000000,0,0,0,1,0.000000,9317,9185,131,33
9348,82.294764,-0.010000,0.102470,14.987000,6,10,0.050000,0.020000,1,0.000000,0.000000,0,0,0,1,0.000000,9348,9216,131,33
9373,82.543255,-0.010214,0.110337,14.987000,6,10,0.050000,0.020000,1,0.000000,0.000000,0,0,0,1,0.000000,9373,9241,131,33
9402,82.793014,-0.010311,0.185442,14.987000,6,10,0.050000,0.020000,1,0.000000,0.000000,0,0,0,1,0.000000,9402,9270,131,33
9430,83.043850,-0.011234,0.194287,14.986000,6,10,0.050000,0.020000,1,0.000000,0.000000,0,0,0,1,0.000000,9430,9298,131,33
9459,83.294240,-0.011598,0.148868,14.986000,6,10,0.050000,0.020000,1,0.000000,0.000000,0,0,0,1,0.000000,9459,9327,131,33
9486,83.545289,-0.012339,0.086442,14.986000,6,10,0.050000,0.020000,1,0.000000,0.000000,0,0,0,1,0.000000,9486,9354,131,33
9517,83.794711,-0.012315,0.044144,14.987000,6,10,0.050000,0.020000,1,0.000000,0.000000,0,0,0,1,0.000000,9517,9385,131,33
9543,84.043135,-0.012139,0.028771,14.987000,6,10,0.050000,0.020000,1,0.000000,0.000000,0,0,0,1,0.000000,9543,9411,131,33
9573,84.294745,-0.012247,0.033231,14.988000,6,10,0.050000,0.020000,1,0.000000,0.000000,0,0,0,1,0.000000,9573,9441,131,33
9605,84.542958,0.000000,0.060000,14.990000,6,10,0.050000,0.020000,1,0.000000,0.000000,0,0,0,1,0.000000,9605,9473,131,33
9629,84.793807,-0.009951,0.069800,14.990000,6,10,0.050000,0.020000,1,0.000000,0.000000,0,0,0,1,0.000000,9629,9497,131,33
9658,85.043419,-0.008532,0.085383,14.991000,6,10,0.050000,0.020000,1,0.000000,0.000000,0,0,0,1,0.000000,9658,9526,131,33
9684,85.294711,-0.007796,0.093393,14.992000,6,10,0.050000,0.020000,1,0.000000,0.000000,0,0,0,1,0.000000,9684,9552,131,33
9712,85.543041,-0.006652,0.093136,14.993000,6,10,0.050000,0.020000,1,0.000000,0.000000,0,0,0,1,0.000000,9712,9580,131,33
9742,85.793785,-0.005850,0.087142,14.994000,6,10,0.050000,0.020000,1,0.000000,0.000000,0,0,0,1,0.000000,9742,9610,131,33
9769,86.043391,-0.005006,0.076653,14.995000,6,10,0.050000,0.020000,1,0.000000,0.000000,0,0,0,1,0.000000,9769,9637,131,33
9798,86.294391,-0.004338,0.064730,14.995000,6,10,0.050000,0.020000,1,0.000000,0.000000,0,0,0,1,0.000000,9798,9666,131,33
9825,86.543389,-0.004170,0.054052,14.995000,6,10,0.050000,0.020000,1,0.000000,0.000000,0,0,0,1,0.000000,9825,9693,131,33
9855,86.793562,-0.003620,0.045755,14.996000,6,10,0.050000,0.020000,1,0.000000,0.000000,0,0,0,1,0.000000,9855,9723,131,33
9882,87.043170,-0.003487,0.039169,14.996000,6,10,0.050000,0.020000,1,0.000000,0.000000,0,0,0,1,0.000000,9882,9750,131,33
9911,87.294905,-0.002894,0.033800,14.997000,6,10,0.050000,0.020000,1,0.000000,0.000000,0,0,0,1,0.000000,9911,9779,131,33
9939,87.544232,-0.002467,0.030274,14.997000,6,10,0.050000,0.020000,1,0.000000,0.000000,0,0,0,1,0.000000,9939,9807,131,33
9967,87.795110,-0.002025,0.028366,14.998000,6,10,0.050000,0.020000,1,0.000000,0.000000,0,0,0,1,0.000000,9967,9835,131,33
9996,88.043395,-0.001415,0.027620,14.998000,6,10,0.050000,0.020000,1,0.000000,0.000000,0,0,0,1,0.000000,9996,9864,131,33
10023,88.293523,0.022582,0.035331,14.997000,6,10,0.050000,0.020000,1,0.000000,0.000000,0,0,0,1,0.000000,10023,9891,131,33
10050,88.543064,0.219619,0.221183,14.969000,6,10,0.050000,0.020000,1,0.000000,0.000000,0,0,0,1,0.000000,10050,9918,131,33
10077,88.794817,0.485599,0.486245,14.882000,6,10,0.050000,0.020000,1,0.000000,0.000000,0,0,0,1,0.000000,10077,9945,131,33
10104,89.044000,0.768678,0.769070,14.727000,6,10,0.050000,0.020000,1,0.000000,0.000000,0,0,0,1,0.000000,10104,9972,131,33
10131,89.295822,1.048838,1.049129,14.501000,6,10,0.050000,0.020000,1,0.000000,0.000000,0,0,0,1,0.000000,10131,9999,131,33
10158,89.544303,1.316659,1.316904,14.205000,6,10,0.050000,0.020000,1,0.000000,0.000000,0,0,0,1,0.000000,10158,10026,131,33
10186,89.793794,1.509837,1.510058,13.846000,6,10,0.050000,0.020000,1,0.000000,0.000000,0,0,0,1,0.000000,10186,10054,131,33
10214,90.043441,1.570482,1.570700,13.457000,6,10,0.050000,0.020000,1,0.000000,0.000000,0,0,0,1,0.000000,10214,10082,131,33
10240,90.294915,1.563768,1.563981,13.058000,6,10,0.050000,0.020000,1,0.000000,0.000000,0,0,0,1,0.000000,10240,10108,131,33
10267,90.543212,1.531511,1.531711,12.665000,6,10,0.050000,0.020000,1,0.000000,0.000000,0,0,0,1,0.000000,10267,10135,131,33
10297,90.793806,1.499415,1.499597,12.280000,6,10,0.050000,0.020000,1,0.000000,0.000000,0,0,0,1,0.000000,10297,10165,131,33
10323,91.044506,1.476863,1.477025,11.903000,6,10,0.050000,0.020000,1,0.000000,0.000000,0,0,0,1,0.000000,10323,10191,131,33
10351,91.294268,1.463237,1.463374,11.530000,6,10,0.050000,0.020000,1,0.000000,0.000000,0,0,0,1,0.000000,10351,10219,131,33
10377,91.542836,1.353138,1.353269,11.170000,6,10,0.050000,0.020000,1,0.000000,0.000000,0,0,0,1,0.000000,10377,10245,131,33
10406,91.795522,1.124511,1.124669,10.855000,6,10,0.050000,0.020000,1,0.000000,0.000000,0,0,0,1,0.000000,10406,10274,131,33
10432,92.044580,0.856248,0.856480,10.605000,6,10,0.050000,0.020000,1,0.000000,0.000000,0,0,0,1,0.000000,10432,10300,131,33
10459,92.293483,0.590623,0.590977,10.423000,6,10,0.050000,0.020000,1,0.000000,0.000000,0,0,0,1,0.000000,10459,10327,131,33
10486,92.544398,0.447404,0.447848,10.294000,6,10,0.050000,0.020000,1,0.000000,0.000000,0,0,0,1,0.000000,10486,10354,131,33
10514,92.792927,0.410421,0.410841,10.187000,6,10,0.050000,0.020000,1,0.000000,0.000000,0,0,0,1,0.000000,10514,10382,131,33
10541,93.044956,0.424270,0.424648,10.084000,6,10,0.050000,0.020000,1,0.000000,0.000000,0,0,0,1,0.000000,10541,10409,131,33
10568,93.298160,0.455024,0.455383,9.975000,6,10,0.050000,0.020000,1,0.000000,0.000000,0,0,0,1,0.000000,10568,10436,131,33
10595,93.546742,0.483869,0.484209,9.859000,6,10,0.050000,0.020000,1,0.000000,0.000000,0,0,0,1,0.000000,10595,10463,131,33
10623,93.793130,0.503697,0.504035,9.738000,6,10,0.050000,0.020000,1,0.000000,0.000000,0,0,0,1,0.000000,10623,10491,131,33
10650,94.045846,0.514605,0.514999,9.613000,6,10,0.050000,0.020000,1,0.000000,0.000000,0,0,0,1,0.000000,10650,10518,131,33
10677,94.294068,0.519120,0.519582,9.487000,6,10,0.050000,0.020000,1,0.000000,0.000000,0,0,0,1,0.000000,10677,10545,131,33
10705,94.549238,0.518200,0.518734,9.359000,6,10,0.050000,0.020000,1,0.000000,0.000000,0,0,0,1,0.000000,10705,10573,131,33
10732,94.796566,0.515560,0.516151,9.231000,6,10,0.050000,0.020000,1,0.000000,0.000000,0,0,0,1,0.000000,10732,10600,131,33
10759,95.047352,0.513101,0.513720,9.105000,6,10,0.050000,0.020000,1,0.000000,0.000000,0,0,0,1,0.000000,10759,10627,131,33
10786,95.295121,0.511460,0.512053,8.979000,6,10,0.050000,0.020000,1,0.000000,0.000000,0,0,0,1,0.000000,10786,10654,131,33
10813,95.543067,0.510135,0.510672,8.852000,6,10,0.050000,0.020000,1,0.000000,0.000000,0,0,0,1,0.000000,10813,10681,131,33
10841,95.796806,0.508819,0.509291,8.726000,6,10,0.050000,0.020000,1,0.000000,0.000000,0,0,0,1,0.000000,10841,10709,131,33
10868,96.043717,0.508065,0.508542,8.601000,6,10,0.050000,0.020000,1,0.000000,0.000000,0,0,0,1,0.000000,10868,10736,131,33
10895,96.296679,0.507408,0.507911,8.476000,6,10,0.050000,0.020000,1,0.000000,0.000000,0,0,0,1,0.000000,10895,10763,131,33
10922,96.547006,0.507090,0.507578,8.350000,6,10,0.050000,0.020000,1,0.000000,0.000000,0,0,0,1,0.000000,10922,10790,131,33
10950,96.796384,0.506664,0.507071,8.225000,6,10,0.050000,0.020000,1,0.000000,0.000000,0,0,0,1,0.000000,10950,10818,131,33
10977,97.045556,0.506305,0.506626,8.100000,6,10,0.050000,0.020000,1,0.000000,0.000000,0,0,0,1,0.000000,10977,10845,131,33
11007,97.294869,0.505812,0.506071,7.974000,6,10,0.050000,0.020000,1,0.000000,0.000000,0,0,0,1,0.000000,11007,10875,131,33
11034,97.547599,0.505539,0.505770,7.849000,6,10,0.050000,0.020000,1,0.000000,0.000000,0,0,0,1,0.000000,11034,10902,131,33
11062,97.797671,0.505163,0.505375,7.723000,6,10,0.050000,0.020000,1,0.000000,0.000000,0,0,0,1,0.000000,11062,10930,131,33
11089,98.047398,0.504451,0.504672,7.598000,6,10,0.050000,0.020000,1,0.000000,0.000000,0,0,0,1,0.000000,11089,10957,131,33
11116,98.297279,0.504439,0.504683,7.473000,6,10,0.050000,0.020000,1,0.000000,0.000000,0,0,0,1,0.000000,11116,10984,131,33
11143,98.543107,0.504353,0.504632,7.348000,6,10,0.050000,0.020000,1,0.000000,0.000000,0,0,0,1,0.000000,11143,11011,131,33
11171,98.793074,0.504216,0.504508,7.223000,6,10,0.050000,0.020000,1,0.000000,0.000000,0,0,0,1,0.000000,11171,11039,131,33
11198,99.046725,0.504079,0.504368,7.098000,6,10,0.050000,0.020000,1,0.000000,0.000000,0,0,0,1,0.000000,11198,11066,131,33
11225,99.295524,0.503894,0.504180,6.972000,6,10,0.050000,0.020000,1,0.000000,0.000000,0,0,0,1,0.000000,11225,11093,131,33
11252,99.548226,0.503605,0.503893,6.847000,6,10,0.050000,0.020000,1,0.000000,0.000000,0,0,0,1,0.000000,11252,11120,131,33
11280,99.799057,0.503421,0.503702,6.721000,6,10,0.050000,0.020000,1,0.000000,0.000000,0,0,0,1,0.000000,11280,11148,131,33
11307,100.043728,0.503030,0.503328,6.596000,6,10,0.050000,0.020000,1,0.000000,0.000000,0,0,0,1,0.000000,11307,11175,131,33
11334,100.297804,0.502868,0.503198,6.471000,6,10,0.050000,0.020000,1,0.000000,0.000000,0,0,0,1,0.000000,11334,11202,131,33
11361,100.548368,0.502692,0.503049,6.346000,6,10,0.050000,0.020000,1,0.000000,0.000000,0,0,0,1,0.000000,11361,11229,131,33
11390,100.798061,0.502593,0.502941,6.221000,6,10,0.050000,0.020000,1,0.000000,0.000000,0,0,0,1,0.000000,11390,11258,131,33
11417,101.042982,0.502406,0.502736,6.096000,6,10,0.050000,0.020000,1,0.000000,0.000000,0,0,0,1,0.000000,11417,11285,131,33
11444,101.293506,0.502108,0.502419,5.971000,6,10,0.050000,0.020000,1,0.000000,0.000000,0,0,0,1,0.000000,11444,11312,131,33
11471,101.547785,0.502077,0.502370,5.846000,6,10,0.050000,0.020000,1,0.000000,0.000000,0,0,0,1,0.000000,11471,11339,131,33
11499,101.797489,0.502201,0.502476,5.720000,6,10,0.050000,0.020000,1,0.000000,0.000000,0,0,0,1,0.000000,11499,11367,131,33
11526,102.043770,0.502098,0.502403,5.595000,6,10,0.050000,0.020000,1,0.000000,0.000000,0,0,0,1,0.000000,11526,11394,131,33
11553,102.298742,0.501880,0.502259,5.470000,6,10,0.050000,0.020000,1,0.000000,0.000000,0,0,0,1,0.000000,11553,11421,131,33
11580,102.548651,0.501802,0.502273,5.345000,6,10,0.050000,0.020000,1,0.000000,0.000000,0,0,0,1,0.000000,11580,11448,131,33
11608,102.794110,0.501058,0.501612,5.219000,6,10,0.050000,0.020000,1,0.000000,0.000000,0,0,0,1,0.000000,11608,11476,131,33
11635,103.048189,0.500176,0.500802,5.093000,6,10,0.050000,0.020000,1,0.000000,0.000000,0,0,0,1,0.000000,11635,11503,131,33
11662,103.298961,0.499753,0.500415,4.968000,6,10,0.050000,0.020000,1,0.000000,0.000000,0,0,0,1,0.000000,11662,11530,131,33
11689,103.546347,0.499549,0.500212,4.843000,6,10,0.050000,0.020000,1,0.000000,0.000000,0,0,0,1,0.000000,11689,11557,131,33
11717,103.795334,0.499569,0.500189,4.718000,6,10,0.050000,0.020000,1,0.000000,0.000000,0,0,0,1,0.000000,11717,11585,131,33
11744,104.048724,0.499486,0.500069,4.593000,6,10,0.050000,0.020000,1,0.000000,0.000000,0,0,0,1,0.000000,11744,11612,131,33
11771,104.299751,0.499472,0.500031,4.468000,6,10,0.050000,0.020000,1,0.000000,0.000000,0,0,0,1,0.000000,11771,11639,131,33
11798,104.547545,0.499426,0.499954,4.343000,6,10,0.050000,0.020000,1,0.000000,0.000000,0,0,0,1,0.000000,11798,11666,131,33
11826,104.799364,0.499368,0.499865,4.218000,6,10,0.050000,0.020000,1,0.000000,0.000000,0,0,0,1,0.000000,11826,11694,131,33
11853,105.048224,0.499376,0.499881,4.093000,6,10,0.050000,0.020000,1,0.000000,0.000000,0,0,0,1,0.000000,11853,11721,131,33
11880,105.296255,0.499256,0.499767,3.968000,6,10,0.050000,0.020000,1,0.000000,0.000000,0,0,0,1,0.000000,11880,11748,131,33
11907,105.549295,0.499396,0.499881,3.843000,6,10,0.050000,0.020000,1,0.000000,0.000000,0,0,0,1,0.000000,11907,11775,131,33
11935,105.799061,0.499331,0.499743,3.718000,6,10,0.050000,0.020000,1,0.000000,0.000000,0,0,0,1,0.000000,11935,11803,131,33
11962,106.046326,0.499455,0.499785,3.592000,6,10,0.050000,0.020000,1,0.000000,0.000000,0,0,0,1,0.000000,11962,11830,131,33
11989,106.298335,0.499206,0.499472,3.467000,6,10,0.050000,0.020000,1,0.000000,0.000000,0,0,0,1,0.000000,11989,11857,131,33
12016,106.547552,0.498884,0.499115,3.343000,6,10,0.050000,0.020000,1,0.000000,0.000000,0,0,0,1,0.000000,12016,11884,131,33
12044,106.794810,0.499292,0.499510,3.218000,6,10,0.050000,0.020000,1,0.000000,0.000000,0,0,0,1,0.000000,12044,11912,131,33
12071,107.048330,0.499360,0.499590,3.093000,6,10,0.050000,0.020000,1,0.000000,0.000000,0,0,0,1,0.000000,12071,11939,131,33
12098,107.296714,0.499367,0.499618,2.968000,6,10,0.050000,0.020000,1,0.000000,0.000000,0,0,0,1,0.000000,12098,11966,131,33
12125,107.546627,0.499179,0.499454,2.843000,6,10,0.050000,0.020000,1,0.000000,0.000000,0,0,0,1,0.000000,12125,11993,131,33
12153,107.800670,0.499323,0.499609,2.718000,6,10,0.050000,0.020000,1,0.000000,0.000000,0,0,0,1,0.000000,12153,12021,131,33
12180,108.047193,0.499614,0.499905,2.593000,6,10,0.050000,0.020000,1,0.000000,0.000000,0,0,0,1,0.000000,12180,12048,131,33
12207,108.300408,0.499572,0.499874,2.468000,6,10,0.050000,0.020000,1,0.000000,0.000000,0,0,0,1,0.000000,12207,12075,131,33
12234,108.546182,0.499560,0.499870,2.343000,6,10,0.050000,0.020000,1,0.000000,0.000000,0,0,0,1,0.000000,12234,12102,131,33
12262,108.797480,0.500010,0.500313,2.219000,6,10,0.050000,0.020000,1,0.000000,0.000000,0,0,0,1,0.000000,12262,12130,131,33
12289,109.051416,0.500398,0.500697,2.094000,6,10,0.050000,0.020000,1,0.000000,0.000000,0,0,0,1,0.000000,12289,12157,131,33
12316,109.295205,0.500512,0.500813,1.969000,6,10,0.050000,0.020000,1,0.000000,0.000000,0,0,0,1,0.000000,12316,12184,131,33
12343,109.550188,0.500663,0.500972,1.844000,6,10,0.050000,0.020000,1,0.000000,0.000000,0,0,0,1,0.000000,12343,12211,131,33
12371,109.797855,0.500746,0.501051,1.719000,6,10,0.050000,0.020000,1,0.000000,0.000000,0,0,0,1,0.000000,12371,12239,131,33
12398,110.048663,0.500813,0.501116,1.594000,6,10,0.050000,0.020000,1,0.000000,0.000000,0,0,0,1,0.000000,12398,12266,131,33
12425,110.297838,0.500813,0.501121,1.469000,6,10,0.050000,0.020000,1,0.000000,0.000000,0,0,0,1,0.000000,12425,12293,131,33
12452,110.551367,0.500896,0.501214,1.344000,6,10,0.050000,0.020000,1,0.000000,0.000000,0,0,0,1,0.000000,12452,12320,131,33
12481,110.796836,0.500964,0.501265,1.220000,6,10,0.050000,0.020000,1,0.000000,0.000000,0,0,0,1,0.000000,12481,12349,131,33
12508,111.045336,0.500935,0.501238,1.095000,6,10,0.050000,0.020000,1,0.000000,0.000000,0,0,0,1,0.000000,12508,12376,131,33
12535,111.297233,0.500902,0.501244,0.969000,6,10,0.050000,0.020000,1,0.000000,0.000000,0,0,0,1,0.000000,12535,12403,131,33
12562,111.550385,0.500778,0.501192,0.844000,6,10,0.050000,0.020000,1,0.000000,0.000000,0,0,0,1,0.000000,12562,12430,131,33
12590,111.798199,0.500794,0.501289,0.719000,6,10,0.050000,0.020000,1,0.000000,0.000000,0,0,0,1,0.000000,12590,12458,131,33
12617,112.050359,0.500874,0.501442,0.595000,6,10,0.050000,0.020000,1,0.000000,0.000000,0,0,0,1,0.000000,12617,12485,131,33
12644,112.300705,0.501014,0.501649,0.469000,6,10,0.050000,0.020000,1,0.000000,0.000000,0,0,0,1,0.000000,12644,12512,131,33
12671,112.547143,0.500907,0.501578,0.344000,6,10,0.050000,0.020000,1,0.000000,0.000000,0,0,0,1,0.000000,12671,12539,131,33
12699,112.800779,0.500672,0.501331,0.219000,6,10,0.050000,0.020000,1,0.000000,0.000000,0,0,0,1,0.000000,12699,12567,131,33
12727,113.046343,0.500396,0.501033,0.093000,6,10,0.050000,0.020000,1,0.000000,0.000000,0,0,0,1,0.000000,12727,12595,131,33
12754,113.299303,0.275794,0.276628,-0.026000,6,10,0.050000,0.020000,1,0.000000,0.000000,0,0,0,1,0.000000,12754,12622,131,33
12781,113.549634,-0.138781,0.139755,-0.002000,6,10,0.050000,0.020000,1,0.000000,0.000000,0,0,0,1,0.000000,12781,12649,131,33
12809,113.800292,0.011240,0.020759,0.005000,6,10,0.050000,0.020000,1,0.000000,0.000000,0,0,0,1,0.000000,12809,12677,131,33
12836,114.047965,-0.002700,0.017138,0.002000,6,10,0.050000,0.020000,1,0.000000,0.000000,0,0,0,1,0.000000,12836,12704,131,33
12863,114.300198,-0.010036,0.019448,0.004000,6,10,0.050000,0.020000,1,0.000000,0.000000,0,0,0,1,0.000000,12863,12731,131,33
12890,114.549723,-0.006140,0.017826,0.005000,6,10,0.050000,0.020000,1,0.000000,0.000000,0,0,0,1,0.000000,12890,12758,131,33
12921,114.798029,-0.006367,0.017740,0.006000,6,10,0.050000,0.020000,1,0.000000,0.000000,0,0,0,1,0.000000,12921,12789,131,33
12948,115.048924,-0.006223,0.017681,0.006000,6,10,0.050000,0.020000,1,0.000000,0.000000,0,0,0,1,0.000000,12948,12816,131,33
12977,115.300286,-0.005854,0.017654,0.007000,6,10,0.050000,0.020000,1,0.000000,0.000000,0,0,0,1,0.000000,12977,12845,131,33
13004,115.552624,-0.005729,0.017877,0.008000,6,10,0.050000,0.020000,1,0.000000,0.000000,0,0,0,1,0.000000,13004,12872,131,33
13032,115.797172,-0.005504,0.018097,0.010000,6,10,0.050000,0.020000,1,0.000000,0.000000,0,0,0,1,0.000000,13032,12900,131,33
13059,116.051852,-0.005227,0.018396,0.011000,6,10,0.050000,0.020000,1,0.000000,0.000000,0,0,0,1,0.000000,13059,12927,131,33
13086,116.298655,-0.005016,0.018732,0.012000,6,10,0.050000,0.020000,1,0.000000,0.000000,0,0,0,1,0.000000,13086,12954,131,33
13113,116.547842,-0.004767,0.018947,0.013000,6,10,0.050000,0.020000,1,0.000000,0.000000,0,0,0,1,0.000000,13113,12981,131,33
13141,116.800016,-0.004602,0.019050,0.014000,6,10,0.050000,0.020000,1,0.000000,0.000000,0,0,0,1,0.000000,13141,13009,131,33
13168,117.051743,-0.004376,0.019260,0.015000,6,10,0.050000,0.020000,1,0.000000,0.000000,0,0,0,1,0.000000,13168,13036,131,33
13195,117.300258,-0.004222,0.019420,0.016000,6,10,0.050000,0.020000,1,0.000000,0.000000,0,0,0,1,0.000000,13195,13063,131,33
13222,117.548519,-0.004025,0.019545,0.016000,6,10,0.050000,0.020000,1,0.000000,0.000000,0,0,0,1,0.000000,13222,13090,131,33
13250,117.797799,-0.003875,0.019399,0.017000,6,10,0.050000,0.020000,1,0.000000,0.000000,0,0,0,1,0.000000,13250,13118,131,33
13277,118.049674,-0.003683,0.019407,0.017000,6,10,0.050000,0.020000,1,0.000000,0.000000,0,0,0,1,0.000000,13277,13145,131,33
13304,118.303467,-0.003537,0.019527,0.018000,6,10,0.050000,0.020000,1,0.000000,0.000000,0,0,0,1,0.000000,13304,13172,131,33
13331,118.549672,-0.003279,0.019701,0.018000,6,10,0.050000,0.020000,1,0.000000,0.000000,0,0,0,1,0.000000,13331,13199,131,33
13359,118.800445,-0.003133,0.019639,0.018000,6,10,0.050000,0.020000,1,0.000000,0.000000,0,0,0,1,0.000000,13359,13227,131,33
13386,119.051791,-0.002858,0.019682,0.018000,6,10,0.050000,0.020000,1,0.000000,0.000000,0,0,0,1,0.000000,13386,13254,131,33
13413,119.298966,-0.002641,0.019833,0.019000,6,10,0.050000,0.020000,1,0.000000,0.000000,0,0,0,1,0.000000,13413,13281,131,33
13440,119.550131,-0.002355,0.019998,0.019000,6,10,0.050000,0.020000,1,0.000000,0.000000,0,0,0,1,0.000000,13440,13308,131,33
13468,119.798130,-0.002151,0.020037,0.019000,6,10,0.050000,0.020000,1,0.000000,0.000000,0,0,0,1,0.000000,13468,13336,131,33
13495,120.050580,-0.001982,0.020264,0.019000,6,10,0.050000,0.020000,1,0.000000,0.000000,0,0,0,1,0.000000,13495,13363,131,33
13522,120.298870,-0.001846,0.020647,0.019000,6,10,0.050000,0.020000,1,0.000000,0.000000,0,0,0,1,0.000000,13522,13390,131,33
13549,120.554649,-0.001731,0.021147,0.019000,6,10,0.050000,0.020000,1,0.000000,0.000000,0,0,0,1,0.000000,13549,13417,131,33
13578,120.802572,-0.001577,0.021230,0.019000,6,10,0.050000,0.020000,1,0.000000,0.000000,0,0,0,1,0.000000,13578,13446,131,33
